'CAE';'T';25.90;272.30;53.00;276.30;'Arial';10;1;0;0;0;0;'I';'61101021770094';0
'CAE.L';'T';9.50;272.30;25.50;276.30;'Arial';10;1;0;0;0;0;'I';'C.A.E. N\xba';0
'CAE.Vencimiento';'T';83.30;272.30;102.00;276.30;'Arial';10;1;0;0;0;0;'I';'31/12/2010';0
'CAE.Vencimiento.L';'T';55.30;272.30;82.30;276.30;'Arial';10;1;0;0;0;0;'I';'Fecha Vto. CAE:';0
'CUIT';'T';104.80;32.10;155.80;37.10;'Arial';10;0;0;0;0;0;'C';'';2
'Cliente';'T';8.30;44.10;24.50;50.10;'Arial';10;0;0;0;0;0;'I';'Sr.(s):';0
'Cliente.CUIT';'T';100.20;59.00;140.20;64.00;'Arial';10;0;0;0;0;65535;'I';None;0
'Cliente.CUIT.L';'T';80.20;59.00;100.20;64.00;'Arial';10;0;0;0;0;0;'I';'CUIT:';0
'Cliente.Domicilio';'T';25.70;49.00;139.80;55.00;'Arial';10;0;0;0;0;65535;'I';None;0
'Cliente.Domicilio.L';'t';8.40;49.20;29.60;55.20;'Arial';10;0;0;0;0;0;'I';'Direcci\xf3n:';0
'Cliente.IVA';'T';25.90;59.00;78.70;64.00;'Arial';10;0;0;0;0;0;'I';None;0
'Cliente.IVA.L';'T';8.30;59.10;26.50;64.10;'Arial';10;0;0;0;0;0;'I';'IVA:';0
'Cliente.Localidad';'T';26.00;53.60;78.60;59.60;'Arial';10;0;0;0;0;65535;'I';None;0
'Cliente.Localidad.L';'T';8.20;53.60;27.20;59.60;'Arial';10;0;0;0;0;0;'I';'Localidad:';0
'Cliente.Nombre';'T';45.00;44.00;115.80;50.00;'Arial';10;0;0;0;0;65535;'I';None;0
'Cliente.Provincia';'T';99.20;54.00;140.20;60.00;'Arial';10;0;0;0;0;0;'I';None;0
'Cliente.Provincia.L';'T';80.20;54.00;99.20;60.00;'Arial';10;0;0;0;0;0;'I';'Provincia:';0
'CodigoBarras';'BC';9.40;276.10;101.50;282.70;'Interleaved 2of5 NT';0.75;0;0;0;0;0;'I';'200000000001000159053338016581200810081';3
'CodigoBarrasLegible';'T';9.40;283.00;101.00;285.90;'Arial';6;0;0;0;0;0;'C';'3369345023901000161101021770094201103155';3
'Comprobante.N\xba';'T';126.40;18.90;136.40;24.40;'Arial';14;1;0;0;0;0;'I';'N\xba: ';2
'ComprobanteEx.L';'T';109.40;8.00;205.10;12.50;'Arial Black';13;0;0;0;0;0;'C';'FACTURA';2
'Cuadro';'B';7.10;7.20;207.10;285.90;'Arial';0;0;0;0;0;0;'I';None;-3
'CuadroX';'B';97.50;7.20;107.50;17.50;'Arial';0;1;0;0;0;0;'I';None;2
'EMPRESA';'T';10.90;16.40;100.80;21.40;'Arial';12;1;0;0;0;0;'I';'';2
'Fecha';'T';145.60;24.60;185.60;30.90;'Arial';12;0;0;0;0;65535;'I';None;0
'Fecha.L';'T';126.40;24.80;143.70;30.70;'Arial';12;0;0;0;0;0;'I';'Fecha:';0
'IIBB';'T';156.80;32.10;204.80;37.10;'Arial';10;0;0;0;0;0;'C';'';2
'INICIO';'T';104.70;37.40;204.90;42.40;'Arial';10;0;0;0;0;0;'I';'';2
'IVA';'T';8.90;37.20;100.80;42.20;'Arial';10;0;0;0;0;0;'I';'';2
'IVA10.5';'T';185.30;273.30;206.40;278.00;'Arial';9;0;0;0;0;65535;'D';None;0
'IVA10.5.L';'T';153.00;273.40;174.30;278.10;'Arial';9;0;0;0;0;0;'I';'I.V.A. 10,5%';0
'IVA21';'T';185.20;268.20;206.30;272.90;'Arial';9;0;0;0;0;65535;'D';None;0
'IVA21.L';'T';152.90;268.10;174.20;272.80;'Arial';9;0;0;0;0;0;'I';'I.V.A. 21%';0
'Item.AlicuotaIVA';'T';163.10;72.50;180.70;77.50;'Arial';8;0;0;0;0;65535;'C';'IVA';0
'Item.AlicuotaIva01';'T';162.70;77.40;170.30;81.20;'Arial';8;0;0;0;0;65535;'D';'';0
'Item.AlicuotaIva02';'T';162.90;81.60;170.50;85.40;'Arial';8;0;0;0;0;65535;'D';'';0
'Item.AlicuotaIva03';'T';162.90;85.60;170.50;89.40;'Arial';8;0;0;0;0;65535;'D';'';0
'Item.AlicuotaIva04';'T';162.90;89.60;170.50;93.40;'Arial';8;0;0;0;0;65535;'D';'';0
'Item.AlicuotaIva05';'T';162.90;93.60;170.50;97.40;'Arial';8;0;0;0;0;65535;'D';'';0
'Item.AlicuotaIva06';'T';162.90;97.60;170.50;101.40;'Arial';8;0;0;0;0;65535;'D';'';0
'Item.AlicuotaIva07';'T';162.90;101.60;170.50;105.40;'Arial';8;0;0;0;0;65535;'D';'';0
'Item.AlicuotaIva08';'T';162.90;105.60;170.50;109.40;'Arial';8;0;0;0;0;65535;'D';'';0
'Item.AlicuotaIva09';'T';162.90;109.60;170.50;113.40;'Arial';8;0;0;0;0;65535;'D';'';0
'Item.AlicuotaIva10';'T';162.90;113.60;170.50;117.40;'Arial';8;0;0;0;0;65535;'D';'';0
'Item.AlicuotaIva11';'T';162.90;117.60;170.50;121.40;'Arial';8;0;0;0;0;65535;'D';'';0
'Item.AlicuotaIva12';'T';162.90;121.60;170.50;125.40;'Arial';8;0;0;0;0;65535;'D';'';0
'Item.AlicuotaIva13';'T';162.90;125.60;170.50;129.40;'Arial';8;0;0;0;0;65535;'D';'';0
'Item.AlicuotaIva14';'T';162.90;129.60;170.50;133.40;'Arial';8;0;0;0;0;65535;'D';'';0
'Item.AlicuotaIva15';'T';162.90;133.60;170.50;137.40;'Arial';8;0;0;0;0;65535;'D';'';0
'Item.AlicuotaIva16';'T';162.90;137.60;170.50;141.40;'Arial';8;0;0;0;0;65535;'D';'';0
'Item.AlicuotaIva17';'T';162.90;141.60;170.50;145.40;'Arial';8;0;0;0;0;65535;'D';'';0
'Item.AlicuotaIva18';'T';162.90;145.60;170.50;149.40;'Arial';8;0;0;0;0;65535;'D';'';0
'Item.AlicuotaIva19';'T';162.90;149.60;170.50;153.40;'Arial';8;0;0;0;0;65535;'D';'';0
'Item.AlicuotaIva20';'T';162.90;153.60;170.50;157.40;'Arial';8;0;0;0;0;65535;'D';'';0
'Item.AlicuotaIva21';'T';162.90;157.60;170.50;161.40;'Arial';8;0;0;0;0;65535;'D';'';0
'Item.AlicuotaIva22';'T';162.90;161.60;170.50;165.40;'Arial';8;0;0;0;0;65535;'D';'';0
'Item.AlicuotaIva23';'T';162.90;165.60;170.50;169.40;'Arial';8;0;0;0;0;65535;'D';'';0
'Item.AlicuotaIva24';'T';162.90;169.60;170.50;173.40;'Arial';8;0;0;0;0;65535;'D';'';0
'Item.AlicuotaIva25';'T';162.90;173.60;170.50;177.40;'Arial';8;0;0;0;0;65535;'D';'';0
'Item.AlicuotaIva26';'T';162.90;177.60;170.50;181.40;'Arial';8;0;0;0;0;65535;'D';'';0
'Item.AlicuotaIva27';'T';162.90;181.60;170.50;185.40;'Arial';8;0;0;0;0;65535;'D';'';0
'Item.AlicuotaIva28';'T';162.90;185.60;170.50;189.40;'Arial';8;0;0;0;0;65535;'D';'';0
'Item.AlicuotaIva29';'T';162.90;189.60;170.50;193.40;'Arial';8;0;0;0;0;65535;'D';'';0
'Item.AlicuotaIva30';'T';162.90;193.60;170.50;197.40;'Arial';8;0;0;0;0;65535;'D';'';0
'Item.AlicuotaIva31';'T';162.90;197.60;170.50;201.40;'Arial';8;0;0;0;0;65535;'D';'';0
'Item.AlicuotaIva32';'T';162.90;201.60;170.50;205.40;'Arial';8;0;0;0;0;65535;'D';'';0
'Item.AlicuotaIva33';'T';162.90;205.60;170.50;209.40;'Arial';8;0;0;0;0;65535;'D';'';0
'Item.AlicuotaIva34';'T';162.90;209.60;170.50;213.40;'Arial';8;0;0;0;0;65535;'D';'';0
'Item.AlicuotaIva35';'T';162.90;213.60;170.50;217.40;'Arial';8;0;0;0;0;65535;'D';'';0
'Item.AlicuotaIva36';'T';162.90;217.60;170.50;221.40;'Arial';8;0;0;0;0;65535;'D';'';0
'Item.AlicuotaIva37';'T';162.90;221.60;170.50;225.40;'Arial';8;0;0;0;0;65535;'D';'';0
'Item.AlicuotaIva38';'T';162.90;225.60;170.50;229.40;'Arial';8;0;0;0;0;65535;'D';'';0
'Item.AlicuotaIva39';'T';162.90;229.60;170.50;233.40;'Arial';8;0;0;0;0;65535;'D';'';0
'Item.Bonif01';'T';135.90;77.60;145.50;81.40;'Arial';8;0;0;0;0;65535;'D';'';0
'Item.Bonif02';'T';136.10;81.80;145.70;85.60;'Arial';8;0;0;0;0;65535;'D';'';0
'Item.Bonif03';'T';136.10;85.80;145.70;89.60;'Arial';8;0;0;0;0;65535;'D';'';0
'Item.Bonif04';'T';136.10;89.80;145.70;93.60;'Arial';8;0;0;0;0;65535;'D';'';0
'Item.Bonif05';'T';136.10;93.80;145.70;97.60;'Arial';8;0;0;0;0;65535;'D';'';0
'Item.Bonif06';'T';136.10;97.80;145.70;101.60;'Arial';8;0;0;0;0;65535;'D';'';0
'Item.Bonif07';'T';136.10;101.80;145.70;105.60;'Arial';8;0;0;0;0;65535;'D';'';0
'Item.Bonif08';'T';136.10;105.80;145.70;109.60;'Arial';8;0;0;0;0;65535;'D';'';0
'Item.Bonif09';'T';136.10;109.80;145.70;113.60;'Arial';8;0;0;0;0;65535;'D';'';0
'Item.Bonif10';'T';136.10;113.80;145.70;117.60;'Arial';8;0;0;0;0;65535;'D';'';0
'Item.Bonif11';'T';136.10;117.80;145.70;121.60;'Arial';8;0;0;0;0;65535;'D';'';0
'Item.Bonif12';'T';136.10;121.80;145.70;125.60;'Arial';8;0;0;0;0;65535;'D';'';0
'Item.Bonif13';'T';136.10;125.80;145.70;129.60;'Arial';8;0;0;0;0;65535;'D';'';0
'Item.Bonif14';'T';136.10;129.80;145.70;133.60;'Arial';8;0;0;0;0;65535;'D';'';0
'Item.Bonif15';'T';136.10;133.80;145.70;137.60;'Arial';8;0;0;0;0;65535;'D';'';0
'Item.Bonif16';'T';136.10;137.80;145.70;141.60;'Arial';8;0;0;0;0;65535;'D';'';0
'Item.Bonif17';'T';136.10;141.80;145.70;145.60;'Arial';8;0;0;0;0;65535;'D';'';0
'Item.Bonif18';'T';136.10;145.80;145.70;149.60;'Arial';8;0;0;0;0;65535;'D';'';0
'Item.Bonif19';'T';136.10;149.80;145.70;153.60;'Arial';8;0;0;0;0;65535;'D';'';0
'Item.Bonif20';'T';136.10;153.80;145.70;157.60;'Arial';8;0;0;0;0;65535;'D';'';0
'Item.Bonif21';'T';136.10;157.80;145.70;161.60;'Arial';8;0;0;0;0;65535;'D';'';0
'Item.Bonif22';'T';136.10;161.80;145.70;165.60;'Arial';8;0;0;0;0;65535;'D';'';0
'Item.Bonif23';'T';136.10;165.80;145.70;169.60;'Arial';8;0;0;0;0;65535;'D';'';0
'Item.Bonif24';'T';136.10;169.80;145.70;173.60;'Arial';8;0;0;0;0;65535;'D';'';0
'Item.Bonif25';'T';136.10;173.80;145.70;177.60;'Arial';8;0;0;0;0;65535;'D';'';0
'Item.Bonif26';'T';136.10;177.80;145.70;181.60;'Arial';8;0;0;0;0;65535;'D';'';0
'Item.Bonif27';'T';136.10;181.80;145.70;185.60;'Arial';8;0;0;0;0;65535;'D';'';0
'Item.Bonif28';'T';136.10;185.80;145.70;189.60;'Arial';8;0;0;0;0;65535;'D';'';0
'Item.Bonif29';'T';136.10;189.80;145.70;193.60;'Arial';8;0;0;0;0;65535;'D';'';0
'Item.Bonif30';'T';136.10;193.80;145.70;197.60;'Arial';8;0;0;0;0;65535;'D';'';0
'Item.Bonif31';'T';136.10;197.80;145.70;201.60;'Arial';8;0;0;0;0;65535;'D';'';0
'Item.Bonif32';'T';136.10;201.80;145.70;205.60;'Arial';8;0;0;0;0;65535;'D';'';0
'Item.Bonif33';'T';136.10;205.80;145.70;209.60;'Arial';8;0;0;0;0;65535;'D';'';0
'Item.Bonif34';'T';136.10;209.80;145.70;213.60;'Arial';8;0;0;0;0;65535;'D';'';0
'Item.Bonif35';'T';136.10;213.80;145.70;217.60;'Arial';8;0;0;0;0;65535;'D';'';0
'Item.Bonif36';'T';136.10;217.80;145.70;221.60;'Arial';8;0;0;0;0;65535;'D';'';0
'Item.Bonif37';'T';136.10;221.80;145.70;225.60;'Arial';8;0;0;0;0;65535;'D';'';0
'Item.Bonif38';'T';136.10;225.80;145.70;229.60;'Arial';8;0;0;0;0;65535;'D';'';0
'Item.Bonif39';'T';136.10;229.80;145.70;233.60;'Arial';8;0;0;0;0;65535;'D';'';0
'Item.Bonificacion';'T';135.50;72.50;146.10;77.50;'Arial';8;0;0;0;0;65535;'C';'% Bonif.';0
'Item.Cantidad';'T';122.20;72.60;134.90;77.60;'Arial';8;0;0;0;0;65535;'C';'Cantidad';0
'Item.Cantidad01';'T';123.00;77.60;134.30;81.40;'Arial';8;0;0;0;0;65535;'D';'';0
'Item.Cantidad02';'T';123.20;81.80;134.50;85.60;'Arial';8;0;0;0;0;65535;'D';'';0
'Item.Cantidad03';'T';123.20;85.80;134.50;89.60;'Arial';8;0;0;0;0;65535;'D';'';0
'Item.Cantidad04';'T';123.20;89.80;134.50;93.60;'Arial';8;0;0;0;0;65535;'D';'';0
'Item.Cantidad05';'T';123.20;93.80;134.50;97.60;'Arial';8;0;0;0;0;65535;'D';'';0
'Item.Cantidad06';'T';123.20;97.80;134.50;101.60;'Arial';8;0;0;0;0;65535;'D';'';0
'Item.Cantidad07';'T';123.20;101.80;134.50;105.60;'Arial';8;0;0;0;0;65535;'D';'';0
'Item.Cantidad08';'T';123.20;105.80;134.50;109.60;'Arial';8;0;0;0;0;65535;'D';'';0
'Item.Cantidad09';'T';123.20;109.80;134.50;113.60;'Arial';8;0;0;0;0;65535;'D';'';0
'Item.Cantidad10';'T';123.20;113.80;134.50;117.60;'Arial';8;0;0;0;0;65535;'D';'';0
'Item.Cantidad11';'T';123.20;117.80;134.50;121.60;'Arial';8;0;0;0;0;65535;'D';'';0
'Item.Cantidad12';'T';123.20;121.80;134.50;125.60;'Arial';8;0;0;0;0;65535;'D';'';0
'Item.Cantidad13';'T';123.20;125.80;134.50;129.60;'Arial';8;0;0;0;0;65535;'D';'';0
'Item.Cantidad14';'T';123.20;129.80;134.50;133.60;'Arial';8;0;0;0;0;65535;'D';'';0
'Item.Cantidad15';'T';123.20;133.80;134.50;137.60;'Arial';8;0;0;0;0;65535;'D';'';0
'Item.Cantidad16';'T';123.20;137.80;134.50;141.60;'Arial';8;0;0;0;0;65535;'D';'';0
'Item.Cantidad17';'T';123.20;141.80;134.50;145.60;'Arial';8;0;0;0;0;65535;'D';'';0
'Item.Cantidad18';'T';123.20;145.80;134.50;149.60;'Arial';8;0;0;0;0;65535;'D';'';0
'Item.Cantidad19';'T';123.20;149.80;134.50;153.60;'Arial';8;0;0;0;0;65535;'D';'';0
'Item.Cantidad20';'T';123.20;153.80;134.50;157.60;'Arial';8;0;0;0;0;65535;'D';'';0
'Item.Cantidad21';'T';123.20;157.80;134.50;161.60;'Arial';8;0;0;0;0;65535;'D';'';0
'Item.Cantidad22';'T';123.20;161.80;134.50;165.60;'Arial';8;0;0;0;0;65535;'D';'';0
'Item.Cantidad23';'T';123.20;165.80;134.50;169.60;'Arial';8;0;0;0;0;65535;'D';'';0
'Item.Cantidad24';'T';123.20;169.80;134.50;173.60;'Arial';8;0;0;0;0;65535;'D';'';0
'Item.Cantidad25';'T';123.20;173.80;134.50;177.60;'Arial';8;0;0;0;0;65535;'D';'';0
'Item.Cantidad26';'T';123.20;177.80;134.50;181.60;'Arial';8;0;0;0;0;65535;'D';'';0
'Item.Cantidad27';'T';123.20;181.80;134.50;185.60;'Arial';8;0;0;0;0;65535;'D';'';0
'Item.Cantidad28';'T';123.20;185.80;134.50;189.60;'Arial';8;0;0;0;0;65535;'D';'';0
'Item.Cantidad29';'T';123.20;189.80;134.50;193.60;'Arial';8;0;0;0;0;65535;'D';'';0
'Item.Cantidad30';'T';123.20;193.80;134.50;197.60;'Arial';8;0;0;0;0;65535;'D';'';0
'Item.Cantidad31';'T';123.20;197.80;134.50;201.60;'Arial';8;0;0;0;0;65535;'D';'';0
'Item.Cantidad32';'T';123.20;201.80;134.50;205.60;'Arial';8;0;0;0;0;65535;'D';'';0
'Item.Cantidad33';'T';123.20;205.80;134.50;209.60;'Arial';8;0;0;0;0;65535;'D';'';0
'Item.Cantidad34';'T';123.20;209.80;134.50;213.60;'Arial';8;0;0;0;0;65535;'D';'';0
'Item.Cantidad35';'T';123.20;213.80;134.50;217.60;'Arial';8;0;0;0;0;65535;'D';'';0
'Item.Cantidad36';'T';123.20;217.80;134.50;221.60;'Arial';8;0;0;0;0;65535;'D';'';0
'Item.Cantidad37';'T';123.20;221.80;134.50;225.60;'Arial';8;0;0;0;0;65535;'D';'';0
'Item.Cantidad38';'T';123.20;225.80;134.50;229.60;'Arial';8;0;0;0;0;65535;'D';'';0
'Item.Cantidad39';'T';123.20;229.80;134.50;233.60;'Arial';8;0;0;0;0;65535;'D';'';0
'Item.Codigo';'T';8.40;72.40;32.60;77.40;'Arial';8;0;0;0;0;65535;'C';'Articulo';0
'Item.Codigo01';'T';8.90;77.40;32.00;81.20;'Arial';8;0;0;0;0;65535;'D';'';0
'Item.Codigo02';'T';8.90;81.60;32.00;85.40;'Arial';8;0;0;0;0;65535;'D';'';0
'Item.Codigo03';'T';8.90;85.60;32.00;89.40;'Arial';8;0;0;0;0;65535;'D';'';0
'Item.Codigo04';'T';8.90;89.60;32.00;93.40;'Arial';8;0;0;0;0;65535;'D';'';0
'Item.Codigo05';'T';8.90;93.60;32.00;97.40;'Arial';8;0;0;0;0;65535;'D';'';0
'Item.Codigo06';'T';8.90;97.60;32.00;101.40;'Arial';8;0;0;0;0;65535;'D';'';0
'Item.Codigo07';'T';8.90;101.60;32.00;105.40;'Arial';8;0;0;0;0;65535;'D';'';0
'Item.Codigo08';'T';8.90;105.60;32.00;109.40;'Arial';8;0;0;0;0;65535;'D';'';0
'Item.Codigo09';'T';8.90;109.60;32.00;113.40;'Arial';8;0;0;0;0;65535;'D';'';0
'Item.Codigo10';'T';8.90;113.60;32.00;117.40;'Arial';8;0;0;0;0;65535;'D';'';0
'Item.Codigo11';'T';8.90;117.60;32.00;121.40;'Arial';8;0;0;0;0;65535;'D';'';0
'Item.Codigo12';'T';8.90;121.60;32.00;125.40;'Arial';8;0;0;0;0;65535;'D';'';0
'Item.Codigo13';'T';8.90;125.60;32.00;129.40;'Arial';8;0;0;0;0;65535;'D';'';0
'Item.Codigo14';'T';8.90;129.60;32.00;133.40;'Arial';8;0;0;0;0;65535;'D';'';0
'Item.Codigo15';'T';8.90;133.60;32.00;137.40;'Arial';8;0;0;0;0;65535;'D';'';0
'Item.Codigo16';'T';8.90;137.60;32.00;141.40;'Arial';8;0;0;0;0;65535;'D';'';0
'Item.Codigo17';'T';8.90;141.60;32.00;145.40;'Arial';8;0;0;0;0;65535;'D';'';0
'Item.Codigo18';'T';8.90;145.60;32.00;149.40;'Arial';8;0;0;0;0;65535;'D';'';0
'Item.Codigo19';'T';8.90;149.60;32.00;153.40;'Arial';8;0;0;0;0;65535;'D';'';0
'Item.Codigo20';'T';8.90;153.60;32.00;157.40;'Arial';8;0;0;0;0;65535;'D';'';0
'Item.Codigo21';'T';8.90;157.60;32.00;161.40;'Arial';8;0;0;0;0;65535;'D';'';0
'Item.Codigo22';'T';8.90;161.60;32.00;165.40;'Arial';8;0;0;0;0;65535;'D';'';0
'Item.Codigo23';'T';8.90;165.60;32.00;169.40;'Arial';8;0;0;0;0;65535;'D';'';0
'Item.Codigo24';'T';8.90;169.60;32.00;173.40;'Arial';8;0;0;0;0;65535;'D';'';0
'Item.Codigo25';'T';8.90;173.60;32.00;177.40;'Arial';8;0;0;0;0;65535;'D';'';0
'Item.Codigo26';'T';8.90;177.60;32.00;181.40;'Arial';8;0;0;0;0;65535;'D';'';0
'Item.Codigo27';'T';8.90;181.60;32.00;185.40;'Arial';8;0;0;0;0;65535;'D';'';0
'Item.Codigo28';'T';8.90;185.60;32.00;189.40;'Arial';8;0;0;0;0;65535;'D';'';0
'Item.Codigo29';'T';8.90;189.60;32.00;193.40;'Arial';8;0;0;0;0;65535;'D';'';0
'Item.Codigo30';'T';8.90;193.60;32.00;197.40;'Arial';8;0;0;0;0;65535;'D';'';0
'Item.Codigo31';'T';8.90;197.60;32.00;201.40;'Arial';8;0;0;0;0;65535;'D';'';0
'Item.Codigo32';'T';8.90;201.60;32.00;205.40;'Arial';8;0;0;0;0;65535;'D';'';0
'Item.Codigo33';'T';8.90;205.60;32.00;209.40;'Arial';8;0;0;0;0;65535;'D';'';0
'Item.Codigo34';'T';8.90;209.60;32.00;213.40;'Arial';8;0;0;0;0;65535;'D';'';0
'Item.Codigo35';'T';8.90;213.60;32.00;217.40;'Arial';8;0;0;0;0;65535;'D';'';0
'Item.Codigo36';'T';8.90;217.60;32.00;221.40;'Arial';8;0;0;0;0;65535;'D';'';0
'Item.Codigo37';'T';8.90;221.60;32.00;225.40;'Arial';8;0;0;0;0;65535;'D';'';0
'Item.Codigo38';'T';8.90;225.60;32.00;229.40;'Arial';8;0;0;0;0;65535;'D';'';0
'Item.Codigo39';'T';8.90;229.60;32.00;233.40;'Arial';8;0;0;0;0;65535;'D';'';0
'Item.Dato_A01';'T';105.80;77.50;113.10;81.30;'Arial';8;0;0;0;0;65535;'D';'';0
'Item.Dato_A02';'T';106.00;81.70;113.30;85.50;'Arial';8;0;0;0;0;65535;'D';'';0
'Item.Dato_A03';'T';106.00;85.70;113.30;89.50;'Arial';8;0;0;0;0;65535;'D';'';0
'Item.Dato_A04';'T';106.00;89.70;113.30;93.50;'Arial';8;0;0;0;0;65535;'D';'';0
'Item.Dato_A05';'T';106.00;93.70;113.30;97.50;'Arial';8;0;0;0;0;65535;'D';'';0
'Item.Dato_A06';'T';106.00;97.70;113.30;101.50;'Arial';8;0;0;0;0;65535;'D';'';0
'Item.Dato_A07';'T';106.00;101.70;113.30;105.50;'Arial';8;0;0;0;0;65535;'D';'';0
'Item.Dato_A08';'T';106.00;105.70;113.30;109.50;'Arial';8;0;0;0;0;65535;'D';'';0
'Item.Dato_A09';'T';106.00;109.70;113.30;113.50;'Arial';8;0;0;0;0;65535;'D';'';0
'Item.Dato_A10';'T';106.00;113.70;113.30;117.50;'Arial';8;0;0;0;0;65535;'D';'';0
'Item.Dato_A11';'T';106.00;117.70;113.30;121.50;'Arial';8;0;0;0;0;65535;'D';'';0
'Item.Dato_A12';'T';106.00;121.70;113.30;125.50;'Arial';8;0;0;0;0;65535;'D';'';0
'Item.Dato_A13';'T';106.00;125.70;113.30;129.50;'Arial';8;0;0;0;0;65535;'D';'';0
'Item.Dato_A14';'T';106.00;129.70;113.30;133.50;'Arial';8;0;0;0;0;65535;'D';'';0
'Item.Dato_A15';'T';106.00;133.70;113.30;137.50;'Arial';8;0;0;0;0;65535;'D';'';0
'Item.Dato_A16';'T';106.00;137.70;113.30;141.50;'Arial';8;0;0;0;0;65535;'D';'';0
'Item.Dato_A17';'T';106.00;141.70;113.30;145.50;'Arial';8;0;0;0;0;65535;'D';'';0
'Item.Dato_A18';'T';106.00;145.70;113.30;149.50;'Arial';8;0;0;0;0;65535;'D';'';0
'Item.Dato_A19';'T';106.00;149.70;113.30;153.50;'Arial';8;0;0;0;0;65535;'D';'';0
'Item.Dato_A20';'T';106.00;153.70;113.30;157.50;'Arial';8;0;0;0;0;65535;'D';'';0
'Item.Dato_A21';'T';106.00;157.70;113.30;161.50;'Arial';8;0;0;0;0;65535;'D';'';0
'Item.Dato_A22';'T';106.00;161.70;113.30;165.50;'Arial';8;0;0;0;0;65535;'D';'';0
'Item.Dato_A23';'T';106.00;165.70;113.30;169.50;'Arial';8;0;0;0;0;65535;'D';'';0
'Item.Dato_A24';'T';106.00;169.70;113.30;173.50;'Arial';8;0;0;0;0;65535;'D';'';0
'Item.Dato_A25';'T';106.00;173.70;113.30;177.50;'Arial';8;0;0;0;0;65535;'D';'';0
'Item.Dato_A26';'T';106.00;177.70;113.30;181.50;'Arial';8;0;0;0;0;65535;'D';'';0
'Item.Dato_A27';'T';106.00;181.70;113.30;185.50;'Arial';8;0;0;0;0;65535;'D';'';0
'Item.Dato_A28';'T';106.00;185.70;113.30;189.50;'Arial';8;0;0;0;0;65535;'D';'';0
'Item.Dato_A29';'T';106.00;189.70;113.30;193.50;'Arial';8;0;0;0;0;65535;'D';'';0
'Item.Dato_A30';'T';106.00;193.70;113.30;197.50;'Arial';8;0;0;0;0;65535;'D';'';0
'Item.Dato_A31';'T';106.00;197.70;113.30;201.50;'Arial';8;0;0;0;0;65535;'D';'';0
'Item.Dato_A32';'T';106.00;201.70;113.30;205.50;'Arial';8;0;0;0;0;65535;'D';'';0
'Item.Dato_A33';'T';106.00;205.70;113.30;209.50;'Arial';8;0;0;0;0;65535;'D';'';0
'Item.Dato_A34';'T';106.00;209.70;113.30;213.50;'Arial';8;0;0;0;0;65535;'D';'';0
'Item.Dato_A35';'T';106.00;213.70;113.30;217.50;'Arial';8;0;0;0;0;65535;'D';'';0
'Item.Dato_A36';'T';106.00;217.70;113.30;221.50;'Arial';8;0;0;0;0;65535;'D';'';0
'Item.Dato_A37';'T';106.00;221.70;113.30;225.50;'Arial';8;0;0;0;0;65535;'D';'';0
'Item.Dato_A38';'T';106.00;225.70;113.30;229.50;'Arial';8;0;0;0;0;65535;'D';'';0
'Item.Dato_A39';'T';106.00;229.70;113.30;233.50;'Arial';8;0;0;0;0;65535;'D';'';0
'Item.Dato_B01';'T';113.50;77.60;121.30;81.40;'Arial';8;0;0;0;0;65535;'D';'';0
'Item.Dato_B02';'T';113.70;81.80;121.50;85.60;'Arial';8;0;0;0;0;65535;'D';'';0
'Item.Dato_B03';'T';113.70;85.80;121.50;89.60;'Arial';8;0;0;0;0;65535;'D';'';0
'Item.Dato_B04';'T';113.70;89.80;121.50;93.60;'Arial';8;0;0;0;0;65535;'D';'';0
'Item.Dato_B05';'T';113.70;93.80;121.50;97.60;'Arial';8;0;0;0;0;65535;'D';'';0
'Item.Dato_B06';'T';113.70;97.80;121.50;101.60;'Arial';8;0;0;0;0;65535;'D';'';0
'Item.Dato_B07';'T';113.70;101.80;121.50;105.60;'Arial';8;0;0;0;0;65535;'D';'';0
'Item.Dato_B08';'T';113.70;105.80;121.50;109.60;'Arial';8;0;0;0;0;65535;'D';'';0
'Item.Dato_B09';'T';113.70;109.80;121.50;113.60;'Arial';8;0;0;0;0;65535;'D';'';0
'Item.Dato_B10';'T';113.70;113.80;121.50;117.60;'Arial';8;0;0;0;0;65535;'D';'';0
'Item.Dato_B11';'T';113.70;117.80;121.50;121.60;'Arial';8;0;0;0;0;65535;'D';'';0
'Item.Dato_B12';'T';113.70;121.80;121.50;125.60;'Arial';8;0;0;0;0;65535;'D';'';0
'Item.Dato_B13';'T';113.70;125.80;121.50;129.60;'Arial';8;0;0;0;0;65535;'D';'';0
'Item.Dato_B14';'T';113.70;129.80;121.50;133.60;'Arial';8;0;0;0;0;65535;'D';'';0
'Item.Dato_B15';'T';113.70;133.80;121.50;137.60;'Arial';8;0;0;0;0;65535;'D';'';0
'Item.Dato_B16';'T';113.70;137.80;121.50;141.60;'Arial';8;0;0;0;0;65535;'D';'';0
'Item.Dato_B17';'T';113.70;141.80;121.50;145.60;'Arial';8;0;0;0;0;65535;'D';'';0
'Item.Dato_B18';'T';113.70;145.80;121.50;149.60;'Arial';8;0;0;0;0;65535;'D';'';0
'Item.Dato_B19';'T';113.70;149.80;121.50;153.60;'Arial';8;0;0;0;0;65535;'D';'';0
'Item.Dato_B20';'T';113.70;153.80;121.50;157.60;'Arial';8;0;0;0;0;65535;'D';'';0
'Item.Dato_B21';'T';113.70;157.80;121.50;161.60;'Arial';8;0;0;0;0;65535;'D';'';0
'Item.Dato_B22';'T';113.70;161.80;121.50;165.60;'Arial';8;0;0;0;0;65535;'D';'';0
'Item.Dato_B23';'T';113.70;165.80;121.50;169.60;'Arial';8;0;0;0;0;65535;'D';'';0
'Item.Dato_B24';'T';113.70;169.80;121.50;173.60;'Arial';8;0;0;0;0;65535;'D';'';0
'Item.Dato_B25';'T';113.70;173.80;121.50;177.60;'Arial';8;0;0;0;0;65535;'D';'';0
'Item.Dato_B26';'T';113.70;177.80;121.50;181.60;'Arial';8;0;0;0;0;65535;'D';'';0
'Item.Dato_B27';'T';113.70;181.80;121.50;185.60;'Arial';8;0;0;0;0;65535;'D';'';0
'Item.Dato_B28';'T';113.70;185.80;121.50;189.60;'Arial';8;0;0;0;0;65535;'D';'';0
'Item.Dato_B29';'T';113.70;189.80;121.50;193.60;'Arial';8;0;0;0;0;65535;'D';'';0
'Item.Dato_B30';'T';113.70;193.80;121.50;197.60;'Arial';8;0;0;0;0;65535;'D';'';0
'Item.Dato_B31';'T';113.70;197.80;121.50;201.60;'Arial';8;0;0;0;0;65535;'D';'';0
'Item.Dato_B32';'T';113.70;201.80;121.50;205.60;'Arial';8;0;0;0;0;65535;'D';'';0
'Item.Dato_B33';'T';113.70;205.80;121.50;209.60;'Arial';8;0;0;0;0;65535;'D';'';0
'Item.Dato_B34';'T';113.70;209.80;121.50;213.60;'Arial';8;0;0;0;0;65535;'D';'';0
'Item.Dato_B35';'T';113.70;213.80;121.50;217.60;'Arial';8;0;0;0;0;65535;'D';'';0
'Item.Dato_B36';'T';113.70;217.80;121.50;221.60;'Arial';8;0;0;0;0;65535;'D';'';0
'Item.Dato_B37';'T';113.70;221.80;121.50;225.60;'Arial';8;0;0;0;0;65535;'D';'';0
'Item.Dato_B38';'T';113.70;225.80;121.50;229.60;'Arial';8;0;0;0;0;65535;'D';'';0
'Item.Dato_B39';'T';113.70;229.80;121.50;233.60;'Arial';8;0;0;0;0;65535;'D';'';0
'Item.Descripcion';'T';42.40;72.50;121.10;77.50;'Arial';8;0;0;0;0;65535;'C';'Descripci\xf3n';0
'Item.Descripcion01';'T';43.00;77.20;105.30;81.20;'Arial';8;0;0;0;0;65535;'I';'';0
'Item.Descripcion02';'T';43.20;81.40;105.50;85.40;'Arial';8;0;0;0;0;65535;'I';'';0
'Item.Descripcion03';'T';43.20;85.40;105.50;89.40;'Arial';8;0;0;0;0;65535;'I';'';0
'Item.Descripcion04';'T';43.20;89.40;105.50;93.40;'Arial';8;0;0;0;0;65535;'I';'';0
'Item.Descripcion05';'T';43.20;93.40;105.50;97.40;'Arial';8;0;0;0;0;65535;'I';'';0
'Item.Descripcion06';'T';43.20;97.40;105.50;101.40;'Arial';8;0;0;0;0;65535;'I';'';0
'Item.Descripcion07';'T';43.20;101.40;105.50;105.40;'Arial';8;0;0;0;0;65535;'I';'';0
'Item.Descripcion08';'T';43.20;105.40;105.50;109.40;'Arial';8;0;0;0;0;65535;'I';'';0
'Item.Descripcion09';'T';43.20;109.40;105.50;113.40;'Arial';8;0;0;0;0;65535;'I';'';0
'Item.Descripcion10';'T';43.20;113.40;105.50;117.40;'Arial';8;0;0;0;0;65535;'I';'';0
'Item.Descripcion11';'T';43.20;117.40;105.50;121.40;'Arial';8;0;0;0;0;65535;'I';'';0
'Item.Descripcion12';'T';43.20;121.40;105.50;125.40;'Arial';8;0;0;0;0;65535;'I';'';0
'Item.Descripcion13';'T';43.20;125.40;105.50;129.40;'Arial';8;0;0;0;0;65535;'I';'';0
'Item.Descripcion14';'T';43.20;129.40;105.50;133.40;'Arial';8;0;0;0;0;65535;'I';'';0
'Item.Descripcion15';'T';43.20;133.40;105.50;137.40;'Arial';8;0;0;0;0;65535;'I';'';0
'Item.Descripcion16';'T';43.20;137.40;105.50;141.40;'Arial';8;0;0;0;0;65535;'I';'';0
'Item.Descripcion17';'T';43.20;141.40;105.50;145.40;'Arial';8;0;0;0;0;65535;'I';'';0
'Item.Descripcion18';'T';43.20;145.40;105.50;149.40;'Arial';8;0;0;0;0;65535;'I';'';0
'Item.Descripcion19';'T';43.20;149.40;105.50;153.40;'Arial';8;0;0;0;0;65535;'I';'';0
'Item.Descripcion20';'T';43.20;153.40;105.50;157.40;'Arial';8;0;0;0;0;65535;'I';'';0
'Item.Descripcion21';'T';43.20;157.40;105.50;161.40;'Arial';8;0;0;0;0;65535;'I';'';0
'Item.Descripcion22';'T';43.20;161.40;105.50;165.40;'Arial';8;0;0;0;0;65535;'I';'';0
'Item.Descripcion23';'T';43.20;165.40;105.50;169.40;'Arial';8;0;0;0;0;65535;'I';'';0
'Item.Descripcion24';'T';43.20;169.40;105.50;173.40;'Arial';8;0;0;0;0;65535;'I';'';0
'Item.Descripcion25';'T';43.20;173.40;105.50;177.40;'Arial';8;0;0;0;0;65535;'I';'';0
'Item.Descripcion26';'T';43.20;177.40;105.50;181.40;'Arial';8;0;0;0;0;65535;'I';'';0
'Item.Descripcion27';'T';43.20;181.40;105.50;185.40;'Arial';8;0;0;0;0;65535;'I';'';0
'Item.Descripcion28';'T';43.20;185.40;105.50;189.40;'Arial';8;0;0;0;0;65535;'I';'';0
'Item.Descripcion29';'T';43.20;189.40;105.50;193.40;'Arial';8;0;0;0;0;65535;'I';'';0
'Item.Descripcion30';'T';43.20;193.40;105.50;197.40;'Arial';8;0;0;0;0;65535;'I';'';0
'Item.Descripcion31';'T';43.20;197.40;105.50;201.40;'Arial';8;0;0;0;0;65535;'I';'';0
'Item.Descripcion32';'T';43.20;201.40;105.50;205.40;'Arial';8;0;0;0;0;65535;'I';'';0
'Item.Descripcion33';'T';43.20;205.40;105.50;209.40;'Arial';8;0;0;0;0;65535;'I';'';0
'Item.Descripcion34';'T';43.20;209.40;105.50;213.40;'Arial';8;0;0;0;0;65535;'I';'';0
'Item.Descripcion35';'T';43.20;213.40;105.50;217.40;'Arial';8;0;0;0;0;65535;'I';'';0
'Item.Descripcion36';'T';43.20;217.40;105.50;221.40;'Arial';8;0;0;0;0;65535;'I';'';0
'Item.Descripcion37';'T';43.20;221.40;105.50;225.40;'Arial';8;0;0;0;0;65535;'I';'';0
'Item.Descripcion38';'T';43.20;225.40;105.50;229.40;'Arial';8;0;0;0;0;65535;'I';'';0
'Item.Descripcion39';'T';43.20;229.40;105.50;233.40;'Arial';8;0;0;0;0;65535;'I';'';0
'Item.Importe';'T';183.40;72.40;205.90;77.40;'Arial';8;0;0;0;0;65535;'C';'Importe';0
'Item.Importe01';'T';183.70;77.40;206.70;81.20;'Arial';8;0;0;0;0;65535;'D';'';0
'Item.Importe02';'T';183.70;81.60;206.70;85.40;'Arial';8;0;0;0;0;65535;'D';'';0
'Item.Importe03';'T';183.70;85.60;206.70;89.40;'Arial';8;0;0;0;0;65535;'D';'';0
'Item.Importe04';'T';183.70;89.60;206.70;93.40;'Arial';8;0;0;0;0;65535;'D';'';0
'Item.Importe05';'T';183.70;93.60;206.70;97.40;'Arial';8;0;0;0;0;65535;'D';'';0
'Item.Importe06';'T';183.70;97.60;206.70;101.40;'Arial';8;0;0;0;0;65535;'D';'';0
'Item.Importe07';'T';183.70;101.60;206.70;105.40;'Arial';8;0;0;0;0;65535;'D';'';0
'Item.Importe08';'T';183.70;105.60;206.70;109.40;'Arial';8;0;0;0;0;65535;'D';'';0
'Item.Importe09';'T';183.70;109.60;206.70;113.40;'Arial';8;0;0;0;0;65535;'D';'';0
'Item.Importe10';'T';183.70;113.60;206.70;117.40;'Arial';8;0;0;0;0;65535;'D';'';0
'Item.Importe11';'T';183.70;117.60;206.70;121.40;'Arial';8;0;0;0;0;65535;'D';'';0
'Item.Importe12';'T';183.70;121.60;206.70;125.40;'Arial';8;0;0;0;0;65535;'D';'';0
'Item.Importe13';'T';183.70;125.60;206.70;129.40;'Arial';8;0;0;0;0;65535;'D';'';0
'Item.Importe14';'T';183.70;129.60;206.70;133.40;'Arial';8;0;0;0;0;65535;'D';'';0
'Item.Importe15';'T';183.70;133.60;206.70;137.40;'Arial';8;0;0;0;0;65535;'D';'';0
'Item.Importe16';'T';183.70;137.60;206.70;141.40;'Arial';8;0;0;0;0;65535;'D';'';0
'Item.Importe17';'T';183.70;141.60;206.70;145.40;'Arial';8;0;0;0;0;65535;'D';'';0
'Item.Importe18';'T';183.70;145.60;206.70;149.40;'Arial';8;0;0;0;0;65535;'D';'';0
'Item.Importe19';'T';183.70;149.60;206.70;153.40;'Arial';8;0;0;0;0;65535;'D';'';0
'Item.Importe20';'T';183.70;153.60;206.70;157.40;'Arial';8;0;0;0;0;65535;'D';'';0
'Item.Importe21';'T';183.70;157.60;206.70;161.40;'Arial';8;0;0;0;0;65535;'D';'';0
'Item.Importe22';'T';183.70;161.60;206.70;165.40;'Arial';8;0;0;0;0;65535;'D';'';0
'Item.Importe23';'T';183.70;165.60;206.70;169.40;'Arial';8;0;0;0;0;65535;'D';'';0
'Item.Importe24';'T';183.70;169.60;206.70;173.40;'Arial';8;0;0;0;0;65535;'D';'';0
'Item.Importe25';'T';183.70;173.60;206.70;177.40;'Arial';8;0;0;0;0;65535;'D';'';0
'Item.Importe26';'T';183.70;177.60;206.70;181.40;'Arial';8;0;0;0;0;65535;'D';'';0
'Item.Importe27';'T';183.70;181.60;206.70;185.40;'Arial';8;0;0;0;0;65535;'D';'';0
'Item.Importe28';'T';183.70;185.60;206.70;189.40;'Arial';8;0;0;0;0;65535;'D';'';0
'Item.Importe29';'T';183.70;189.60;206.70;193.40;'Arial';8;0;0;0;0;65535;'D';'';0
'Item.Importe30';'T';183.70;193.60;206.70;197.40;'Arial';8;0;0;0;0;65535;'D';'';0
'Item.Importe31';'T';183.70;197.60;206.70;201.40;'Arial';8;0;0;0;0;65535;'D';'';0
'Item.Importe32';'T';183.70;201.60;206.70;205.40;'Arial';8;0;0;0;0;65535;'D';'';0
'Item.Importe33';'T';183.70;205.60;206.70;209.40;'Arial';8;0;0;0;0;65535;'D';'';0
'Item.Importe34';'T';183.70;209.60;206.70;213.40;'Arial';8;0;0;0;0;65535;'D';'';0
'Item.Importe35';'T';183.70;213.60;206.70;217.40;'Arial';8;0;0;0;0;65535;'D';'';0
'Item.Importe36';'T';183.70;217.60;206.70;221.40;'Arial';8;0;0;0;0;65535;'D';'';0
'Item.Importe37';'T';183.70;221.60;206.70;225.40;'Arial';8;0;0;0;0;65535;'D';'';0
'Item.Importe38';'T';183.70;225.60;206.70;229.40;'Arial';8;0;0;0;0;65535;'D';'';0
'Item.Importe39';'T';183.70;229.60;206.70;233.40;'Arial';8;0;0;0;0;65535;'D';'';0
'Item.ImporteIva01';'T';170.00;77.30;182.20;81.10;'Arial';8;0;0;0;0;65535;'D';'';0
'Item.ImporteIva02';'T';170.20;81.50;182.40;85.30;'Arial';8;0;0;0;0;65535;'D';'';0
'Item.ImporteIva03';'T';170.20;85.50;182.40;89.30;'Arial';8;0;0;0;0;65535;'D';'';0
'Item.ImporteIva04';'T';170.20;89.50;182.40;93.30;'Arial';8;0;0;0;0;65535;'D';'';0
'Item.ImporteIva05';'T';170.20;93.50;182.40;97.30;'Arial';8;0;0;0;0;65535;'D';'';0
'Item.ImporteIva06';'T';170.20;97.50;182.40;101.30;'Arial';8;0;0;0;0;65535;'D';'';0
'Item.ImporteIva07';'T';170.20;101.50;182.40;105.30;'Arial';8;0;0;0;0;65535;'D';'';0
'Item.ImporteIva08';'T';170.20;105.50;182.40;109.30;'Arial';8;0;0;0;0;65535;'D';'';0
'Item.ImporteIva09';'T';170.20;109.50;182.40;113.30;'Arial';8;0;0;0;0;65535;'D';'';0
'Item.ImporteIva10';'T';170.20;113.50;182.40;117.30;'Arial';8;0;0;0;0;65535;'D';'';0
'Item.ImporteIva11';'T';170.20;117.50;182.40;121.30;'Arial';8;0;0;0;0;65535;'D';'';0
'Item.ImporteIva12';'T';170.20;121.50;182.40;125.30;'Arial';8;0;0;0;0;65535;'D';'';0
'Item.ImporteIva13';'T';170.20;125.50;182.40;129.30;'Arial';8;0;0;0;0;65535;'D';'';0
'Item.ImporteIva14';'T';170.20;129.50;182.40;133.30;'Arial';8;0;0;0;0;65535;'D';'';0
'Item.ImporteIva15';'T';170.20;133.50;182.40;137.30;'Arial';8;0;0;0;0;65535;'D';'';0
'Item.ImporteIva16';'T';170.20;137.50;182.40;141.30;'Arial';8;0;0;0;0;65535;'D';'';0
'Item.ImporteIva17';'T';170.20;141.50;182.40;145.30;'Arial';8;0;0;0;0;65535;'D';'';0
'Item.ImporteIva18';'T';170.20;145.50;182.40;149.30;'Arial';8;0;0;0;0;65535;'D';'';0
'Item.ImporteIva19';'T';170.20;149.50;182.40;153.30;'Arial';8;0;0;0;0;65535;'D';'';0
'Item.ImporteIva20';'T';170.20;153.50;182.40;157.30;'Arial';8;0;0;0;0;65535;'D';'';0
'Item.ImporteIva21';'T';170.20;157.50;182.40;161.30;'Arial';8;0;0;0;0;65535;'D';'';0
'Item.ImporteIva22';'T';170.20;161.50;182.40;165.30;'Arial';8;0;0;0;0;65535;'D';'';0
'Item.ImporteIva23';'T';170.20;165.50;182.40;169.30;'Arial';8;0;0;0;0;65535;'D';'';0
'Item.ImporteIva24';'T';170.20;169.50;182.40;173.30;'Arial';8;0;0;0;0;65535;'D';'';0
'Item.ImporteIva25';'T';170.20;173.50;182.40;177.30;'Arial';8;0;0;0;0;65535;'D';'';0
'Item.ImporteIva26';'T';170.20;177.50;182.40;181.30;'Arial';8;0;0;0;0;65535;'D';'';0
'Item.ImporteIva27';'T';170.20;181.50;182.40;185.30;'Arial';8;0;0;0;0;65535;'D';'';0
'Item.ImporteIva28';'T';170.20;185.50;182.40;189.30;'Arial';8;0;0;0;0;65535;'D';'';0
'Item.ImporteIva29';'T';170.20;189.50;182.40;193.30;'Arial';8;0;0;0;0;65535;'D';'';0
'Item.ImporteIva30';'T';170.20;193.50;182.40;197.30;'Arial';8;0;0;0;0;65535;'D';'';0
'Item.ImporteIva31';'T';170.20;197.50;182.40;201.30;'Arial';8;0;0;0;0;65535;'D';'';0
'Item.ImporteIva32';'T';170.20;201.50;182.40;205.30;'Arial';8;0;0;0;0;65535;'D';'';0
'Item.ImporteIva33';'T';170.20;205.50;182.40;209.30;'Arial';8;0;0;0;0;65535;'D';'';0
'Item.ImporteIva34';'T';170.20;209.50;182.40;213.30;'Arial';8;0;0;0;0;65535;'D';'';0
'Item.ImporteIva35';'T';170.20;213.50;182.40;217.30;'Arial';8;0;0;0;0;65535;'D';'';0
'Item.ImporteIva36';'T';170.20;217.50;182.40;221.30;'Arial';8;0;0;0;0;65535;'D';'';0
'Item.ImporteIva37';'T';170.20;221.50;182.40;225.30;'Arial';8;0;0;0;0;65535;'D';'';0
'Item.ImporteIva38';'T';170.20;225.50;182.40;229.30;'Arial';8;0;0;0;0;65535;'D';'';0
'Item.ImporteIva39';'T';170.20;229.50;182.40;233.30;'Arial';8;0;0;0;0;65535;'D';'';0
'Item.Precio';'T';146.80;72.40;162.80;77.40;'Arial';8;0;0;0;0;65535;'C';'Precio';0
'Item.Precio01';'T';147.00;77.60;162.10;81.40;'Arial';8;0;0;0;0;65535;'D';'';0
'Item.Precio02';'T';147.20;81.80;162.30;85.60;'Arial';8;0;0;0;0;65535;'D';'';0
'Item.Precio03';'T';147.20;85.80;162.30;89.60;'Arial';8;0;0;0;0;65535;'D';'';0
'Item.Precio04';'T';147.20;89.80;162.30;93.60;'Arial';8;0;0;0;0;65535;'D';'';0
'Item.Precio05';'T';147.20;93.80;162.30;97.60;'Arial';8;0;0;0;0;65535;'D';'';0
'Item.Precio06';'T';147.20;97.80;162.30;101.60;'Arial';8;0;0;0;0;65535;'D';'';0
'Item.Precio07';'T';147.20;101.80;162.30;105.60;'Arial';8;0;0;0;0;65535;'D';'';0
'Item.Precio08';'T';147.20;105.80;162.30;109.60;'Arial';8;0;0;0;0;65535;'D';'';0
'Item.Precio09';'T';147.20;109.80;162.30;113.60;'Arial';8;0;0;0;0;65535;'D';'';0
'Item.Precio10';'T';147.20;113.80;162.30;117.60;'Arial';8;0;0;0;0;65535;'D';'';0
'Item.Precio11';'T';147.20;117.80;162.30;121.60;'Arial';8;0;0;0;0;65535;'D';'';0
'Item.Precio12';'T';147.20;121.80;162.30;125.60;'Arial';8;0;0;0;0;65535;'D';'';0
'Item.Precio13';'T';147.20;125.80;162.30;129.60;'Arial';8;0;0;0;0;65535;'D';'';0
'Item.Precio14';'T';147.20;129.80;162.30;133.60;'Arial';8;0;0;0;0;65535;'D';'';0
'Item.Precio15';'T';147.20;133.80;162.30;137.60;'Arial';8;0;0;0;0;65535;'D';'';0
'Item.Precio16';'T';147.20;137.80;162.30;141.60;'Arial';8;0;0;0;0;65535;'D';'';0
'Item.Precio17';'T';147.20;141.80;162.30;145.60;'Arial';8;0;0;0;0;65535;'D';'';0
'Item.Precio18';'T';147.20;145.80;162.30;149.60;'Arial';8;0;0;0;0;65535;'D';'';0
'Item.Precio19';'T';147.20;149.80;162.30;153.60;'Arial';8;0;0;0;0;65535;'D';'';0
'Item.Precio20';'T';147.20;153.80;162.30;157.60;'Arial';8;0;0;0;0;65535;'D';'';0
'Item.Precio21';'T';147.20;157.80;162.30;161.60;'Arial';8;0;0;0;0;65535;'D';'';0
'Item.Precio22';'T';147.20;161.80;162.30;165.60;'Arial';8;0;0;0;0;65535;'D';'';0
'Item.Precio23';'T';147.20;165.80;162.30;169.60;'Arial';8;0;0;0;0;65535;'D';'';0
'Item.Precio24';'T';147.20;169.80;162.30;173.60;'Arial';8;0;0;0;0;65535;'D';'';0
'Item.Precio25';'T';147.20;173.80;162.30;177.60;'Arial';8;0;0;0;0;65535;'D';'';0
'Item.Precio26';'T';147.20;177.80;162.30;181.60;'Arial';8;0;0;0;0;65535;'D';'';0
'Item.Precio27';'T';147.20;181.80;162.30;185.60;'Arial';8;0;0;0;0;65535;'D';'';0
'Item.Precio28';'T';147.20;185.80;162.30;189.60;'Arial';8;0;0;0;0;65535;'D';'';0
'Item.Precio29';'T';147.20;189.80;162.30;193.60;'Arial';8;0;0;0;0;65535;'D';'';0
'Item.Precio30';'T';147.20;193.80;162.30;197.60;'Arial';8;0;0;0;0;65535;'D';'';0
'Item.Precio31';'T';147.20;197.80;162.30;201.60;'Arial';8;0;0;0;0;65535;'D';'';0
'Item.Precio32';'T';147.20;201.80;162.30;205.60;'Arial';8;0;0;0;0;65535;'D';'';0
'Item.Precio33';'T';147.20;205.80;162.30;209.60;'Arial';8;0;0;0;0;65535;'D';'';0
'Item.Precio34';'T';147.20;209.80;162.30;213.60;'Arial';8;0;0;0;0;65535;'D';'';0
'Item.Precio35';'T';147.20;213.80;162.30;217.60;'Arial';8;0;0;0;0;65535;'D';'';0
'Item.Precio36';'T';147.20;217.80;162.30;221.60;'Arial';8;0;0;0;0;65535;'D';'';0
'Item.Precio37';'T';147.20;221.80;162.30;225.60;'Arial';8;0;0;0;0;65535;'D';'';0
'Item.Precio38';'T';147.20;225.80;162.30;229.60;'Arial';8;0;0;0;0;65535;'D';'';0
'Item.Precio39';'T';147.20;229.80;162.30;233.60;'Arial';8;0;0;0;0;65535;'D';'';0
'Item.Umed_ds01';'T';33.80;77.60;41.10;81.40;'Arial';8;0;0;0;0;65535;'D';'';0
'Item.Umed_ds02';'T';33.80;81.80;41.10;85.60;'Arial';8;0;0;0;0;65535;'D';'';0
'Item.Umed_ds03';'T';33.80;85.80;41.10;89.60;'Arial';8;0;0;0;0;65535;'D';'';0
'Item.Umed_ds04';'T';33.80;89.80;41.10;93.60;'Arial';8;0;0;0;0;65535;'D';'';0
'Item.Umed_ds05';'T';33.80;93.80;41.10;97.60;'Arial';8;0;0;0;0;65535;'D';'';0
'Item.Umed_ds06';'T';33.80;97.80;41.10;101.60;'Arial';8;0;0;0;0;65535;'D';'';0
'Item.Umed_ds07';'T';33.80;101.80;41.10;105.60;'Arial';8;0;0;0;0;65535;'D';'';0
'Item.Umed_ds08';'T';33.80;105.80;41.10;109.60;'Arial';8;0;0;0;0;65535;'D';'';0
'Item.Umed_ds09';'T';33.80;109.80;41.10;113.60;'Arial';8;0;0;0;0;65535;'D';'';0
'Item.Umed_ds10';'T';33.80;113.80;41.10;117.60;'Arial';8;0;0;0;0;65535;'D';'';0
'Item.Umed_ds11';'T';33.80;117.80;41.10;121.60;'Arial';8;0;0;0;0;65535;'D';'';0
'Item.Umed_ds12';'T';33.80;121.80;41.10;125.60;'Arial';8;0;0;0;0;65535;'D';'';0
'Item.Umed_ds13';'T';33.80;125.80;41.10;129.60;'Arial';8;0;0;0;0;65535;'D';'';0
'Item.Umed_ds14';'T';33.80;129.80;41.10;133.60;'Arial';8;0;0;0;0;65535;'D';'';0
'Item.Umed_ds15';'T';33.80;133.80;41.10;137.60;'Arial';8;0;0;0;0;65535;'D';'';0
'Item.Umed_ds16';'T';33.80;137.80;41.10;141.60;'Arial';8;0;0;0;0;65535;'D';'';0
'Item.Umed_ds17';'T';33.80;141.80;41.10;145.60;'Arial';8;0;0;0;0;65535;'D';'';0
'Item.Umed_ds18';'T';33.80;145.80;41.10;149.60;'Arial';8;0;0;0;0;65535;'D';'';0
'Item.Umed_ds19';'T';33.80;149.80;41.10;153.60;'Arial';8;0;0;0;0;65535;'D';'';0
'Item.Umed_ds20';'T';33.80;153.80;41.10;157.60;'Arial';8;0;0;0;0;65535;'D';'';0
'Item.Umed_ds21';'T';33.80;157.80;41.10;161.60;'Arial';8;0;0;0;0;65535;'D';'';0
'Item.Umed_ds22';'T';33.80;161.80;41.10;165.60;'Arial';8;0;0;0;0;65535;'D';'';0
'Item.Umed_ds23';'T';33.80;165.80;41.10;169.60;'Arial';8;0;0;0;0;65535;'D';'';0
'Item.Umed_ds24';'T';33.80;169.80;41.10;173.60;'Arial';8;0;0;0;0;65535;'D';'';0
'Item.Umed_ds25';'T';33.80;173.80;41.10;177.60;'Arial';8;0;0;0;0;65535;'D';'';0
'Item.Umed_ds26';'T';33.80;177.80;41.10;181.60;'Arial';8;0;0;0;0;65535;'D';'';0
'Item.Umed_ds27';'T';33.80;181.80;41.10;185.60;'Arial';8;0;0;0;0;65535;'D';'';0
'Item.Umed_ds28';'T';33.80;185.80;41.10;189.60;'Arial';8;0;0;0;0;65535;'D';'';0
'Item.Umed_ds29';'T';33.80;189.80;41.10;193.60;'Arial';8;0;0;0;0;65535;'D';'';0
'Item.Umed_ds30';'T';33.80;193.80;41.10;197.60;'Arial';8;0;0;0;0;65535;'D';'';0
'Item.Umed_ds31';'T';33.80;197.80;41.10;201.60;'Arial';8;0;0;0;0;65535;'D';'';0
'Item.Umed_ds32';'T';33.80;201.80;41.10;205.60;'Arial';8;0;0;0;0;65535;'D';'';0
'Item.Umed_ds33';'T';33.80;205.80;41.10;209.60;'Arial';8;0;0;0;0;65535;'D';'';0
'Item.Umed_ds34';'T';33.80;209.80;41.10;213.60;'Arial';8;0;0;0;0;65535;'D';'';0
'Item.Umed_ds35';'T';33.80;213.80;41.10;217.60;'Arial';8;0;0;0;0;65535;'D';'';0
'Item.Umed_ds36';'T';33.80;217.80;41.10;221.60;'Arial';8;0;0;0;0;65535;'D';'';0
'Item.Umed_ds37';'T';33.80;221.80;41.10;225.60;'Arial';8;0;0;0;0;65535;'D';'';0
'Item.Umed_ds38';'T';33.80;225.80;41.10;229.60;'Arial';8;0;0;0;0;65535;'D';'';0
'Item.Umed_ds39';'T';33.80;229.80;41.10;233.60;'Arial';8;0;0;0;0;65535;'D';'';0
'Item.Unidad';'T';31.60;72.40;42.60;77.40;'Arial';8;0;0;0;0;65535;'C';'Unid.';0
'LETRA';'T';97.40;10.40;107.40;12.40;'Arial';16;1;0;0;0;0;'C';'X';2
'Linea.Cantidad';'L';162.80;72.40;162.80;234.60;None;0;0;0;0;0;0;'I';None;3
'Linea.Codigo';'L';32.70;72.40;32.70;234.70;None;0;0;0;0;0;0;'I';None;3
'Linea.Descripcion';'L';146.45;72.60;146.45;234.90;None;0;0;0;0;0;0;'I';None;3
'Linea.Descripcion_copy';'L';135.20;72.40;135.20;234.80;None;0;0;0;0;0;0;'I';None;3
'Linea.Descripcion_copy_copy';'L';122.00;72.60;122.00;235.00;None;0;0;0;0;0;0;'I';None;3
'Linea.Precio';'L';182.60;72.40;182.60;234.60;None;0;0;0;0;0;0;'I';None;3
'Linea.Unidad';'L';41.80;72.50;41.80;234.80;None;0;0;0;0;0;0;'I';None;3
'Linea1';'L';102.80;17.60;102.80;42.80;'Arial';0;0;0;0;0;0;'I';None;3
'Linea2';'L';7.10;42.70;207.10;42.70;None;0;0;0;0;0;0;'I';None;3
'Linea3';'L';7.10;72.40;207.10;72.40;None;0;0;0;0;0;0;'I';None;3
'Linea6';'L';7.20;234.90;207.20;234.90;None;0;0;0;0;0;0;'I';None;3
'Linea9';'L';7.10;77.10;207.10;77.10;None;0;0;0;0;0;0;'I';None;0
'Logo';'I';8.70;8.70;66.70;21.70;None;0;0;0;0;0;0;'I';'logo.png';2
'MEMBRETE1';'T';8.90;21.90;100.80;27.10;'Arial';10;0;0;0;0;0;'I';'';2
'MEMBRETE2';'T';8.90;27.20;100.80;32.20;'Arial';10;0;0;0;0;0;'I';'';2
'MEMBRETE3';'T';8.80;32.50;100.70;37.50;'Arial';10;0;0;0;0;0;'I';'';2
'NETO';'T';177.70;236.50;206.70;241.30;'Arial';9;0;0;0;0;0;'D';'';0
'NETO.L';'T';152.60;236.50;175.10;241.30;'Arial';9;0;0;0;0;0;'I';'Sub Total Neto:';0
'Numero';'T';137.20;18.90;197.20;24.50;'Arial';14;1;0;0;0;0;'I';'0000-00000000';2
'Pagina';'T';150.50;12.90;190.50;16.90;'Arial';8;0;0;0;0;0;'C';'P\xe1gina';2
'Pedido.L';'T';142.20;59.20;157.70;63.20;'Arial';10;0;0;0;0;0;'I';'Pedido:';0
'Remito.L';'T';170.30;59.30;184.90;63.30;'Arial';10;0;0;0;0;0;'I';'Remito N\xba:';0
'TOTAL';'T';182.60;280.40;205.70;285.20;'Arial';10;1;0;0;0;65535;'D';None;0
'TipoCBTE';'T';96.40;13.90;108.40;18.40;'Arial';7;1;0;0;0;0;'C';'COD.01';2
'Total.C';'B';181.90;279.70;206.90;285.70;None;0;0;0;0;0;0;'I';None;-1
'Total.L';'T';152.10;279.80;177.70;285.20;'Arial';10;0;0;0;0;0;'I';'Total:';0
'Tributo.Alicuota01';'T';175.60;242.20;186.80;247.00;'Arial';9;0;0;0;0;0;'D';'';0
'Tributo.Alicuota02';'T';175.50;247.50;186.70;252.30;'Arial';9;0;0;0;0;0;'D';'';0
'Tributo.Alicuota03';'T';175.50;252.30;186.70;257.10;'Arial';12.00;0;0;0;0;0;'D';'';0
'Tributo.Alicuota04';'T';175.80;257.40;187.00;262.20;'Arial';9;0;0;0;0;0;'D';'';0
'Tributo.Alicuota05';'T';175.80;262.40;187.00;267.20;'Arial';9;0;0;0;0;0;'D';'';0
'Tributo.Descripcion01';'T';152.60;242.30;175.40;247.10;'Arial';9;0;0;0;0;0;'D';'';0
'Tributo.Descripcion02';'T';152.80;247.50;175.60;252.30;'Arial';9;0;0;0;0;0;'D';'';0
'Tributo.Descripcion03';'T';152.80;252.50;175.60;257.30;'Arial';9;0;0;0;0;0;'D';'';0
'Tributo.Descripcion04';'T';152.70;257.60;175.50;262.40;'Arial';9;0;0;0;0;0;'D';'';0
'Tributo.Descripcion05';'T';152.80;262.50;175.60;267.30;'Arial';9;0;0;0;0;0;'D';'';0
'Tributo.Importe01';'T';187.30;242.30;206.40;247.10;'Arial';9;0;0;0;0;65535;'D';None;0
'Tributo.Importe02';'T';187.60;247.60;206.70;252.40;'Arial';9;0;0;0;0;65535;'D';None;0
'Tributo.Importe03';'T';187.50;252.50;206.60;257.30;'Arial';9;0;0;0;0;65535;'D';None;0
'Tributo.Importe04';'T';187.50;257.50;206.60;262.30;'Arial';9;0;0;0;0;65535;'D';None;0
'Tributo.Importe05';'T';187.50;262.50;206.60;267.30;'Arial';9;0;0;0;0;65535;'D';None;0
'copia';'T';114.90;12.90;149.90;16.90;'Arial';8;0;0;0;0;0;'C';'Original';2
'custom-nota1';'T';102.40;273.60;149.10;277.80;'Arial';8;False;False;False;0;16777215;'C';'';0
'custom-nota2';'T';103.40;277.60;148.90;281.80;'Arial';8;False;False;False;0;16777215;'C';'';0
'custom-nota3';'T';103.60;281.40;148.90;285.60;'Arial';8;False;False;False;0;16777215;'C';'';0
'custom-nro-cli';'T';25.60;44.10;43.60;50.10;'Arial';10;0;0;0;0;65535;'I';None;0
'custom-pedido';'T';156.30;59.30;169.70;63.30;'Arial';10;0;0;0;0;65535;'I';'';0
'custom-remito';'T';187.10;59.30;206.30;63.30;'Arial';10;0;0;0;0;0;'I';'';0
'custom-tit-cond-venta';'T';8.80;65.60;40.60;70.60;'Arial';10;0;0;1;0;0;'I';'Forma de Pago:';0
'custom-tit-tot-neto_copy';'T';56.60;236.10;75.10;240.90;'Arial';9;0;0;0;0;0;'I';'Subtotal:';0
'custom-tit-transporte';'T';8.80;267.20;34.80;271.20;'Arial';10;0;0;0;0;65535;'I';'Transporte:';0
'custom-tot-porc-iva';'T';175.80;268.00;183.80;272.80;'Arial';9;0;0;0;0;0;'D';'';0
'custom-tot-porc-niva';'T';175.80;273.20;183.80;278.00;'Arial';9;0;0;0;0;0;'D';'';0
'custom-transporte';'T';32.40;267.40;102.30;271.40;'Arial';10;0;0;0;0;65535;'I';'';0
'descuento';'T';32.20;236.20;54.60;241.00;'Arial';9;0;0;0;0;0;'D';'';0
'descuento.L';'T';10.30;236.40;28.80;241.20;'Arial';9;0;0;0;0;0;'I';'Descuento:';0
'forma_pago';'T';41.80;65.90;136.60;70.90;'Arial';10;0;0;0;0;0;'I';None;0
'motivos_ds.L';'T';10.40;248.90;147.60;253.70;'Arial';10;0;0;1;0;0;'C';'Observaciones AFIP';0
'motivos_ds1';'T';10.30;254.70;147.60;258.70;'Arial';9;0;1;0;0;0;'I';'';0
'motivos_ds2';'T';10.30;258.70;147.80;262.70;'Arial';9;0;1;0;0;0;'I';'';0
'motivos_ds3';'T';10.30;262.50;148.00;266.50;'Arial';9;0;1;0;0;0;'I';'';0
'subtotal';'T';76.20;236.10;98.50;240.90;'Arial';9;0;0;0;0;0;'D';'';0
