'AFIP';'I';10.24;261.00;37.33;268.50;None;0;0;0;0;0;0;'I';'plantillas/afip.png';2
'CAE';'T';26.20;272.60;53.30;276.60;'Arial';10;1;0;0;0;0;'I';'61101021770094';0
'CAE.L';'T';9.20;272.60;25.20;276.60;'Arial';10;1;0;0;0;0;'I';'C.A.E. N\xba';0
'CAE.Vencimiento';'T';83.60;272.60;102.30;276.60;'Arial';10;1;0;0;0;0;'I';'31/12/2010';0
'CAE.Vencimiento.L';'T';55.60;272.60;82.60;276.60;'Arial';10;1;0;0;0;0;'I';'Fecha Vto. CAE:';0
'CUIT';'T';105.10;32.40;156.10;37.40;'Arial';10;0;0;0;0;0;'C';'';2
'Cliente';'T';8.60;44.40;24.80;50.40;'Arial';10;0;0;0;0;0;'I';'Sr.(s):';0
'Cliente.CUIT';'T';100.50;59.30;140.50;64.30;'Arial';10;0;0;0;0;65535;'I';None;0
'Cliente.Domicilio';'T';26.00;49.30;140.10;55.30;'Arial';10;0;0;0;0;65535;'I';None;0
'Cliente.Domicilio.L';'t';8.70;49.50;29.90;55.50;'Arial';10;0;0;0;0;0;'I';'Direcci\xf3n:';0
'Cliente.IVA';'T';26.20;59.30;79.00;64.30;'Arial';10;0;0;0;0;0;'I';None;0
'Cliente.IVA.L';'T';8.60;59.40;26.80;64.40;'Arial';10;0;0;0;0;0;'I';'IVA:';0
'Cliente.Localidad';'T';26.30;53.90;78.90;59.90;'Arial';10;0;0;0;0;65535;'I';None;0
'Cliente.Localidad.L';'T';8.50;53.90;27.50;59.90;'Arial';10;0;0;0;0;0;'I';'Localidad:';0
'Cliente.Nombre';'T';45.30;44.30;116.10;50.30;'Arial';10;0;0;0;0;65535;'I';None;0
'Cliente.Provincia';'T';99.50;54.30;140.50;60.30;'Arial';10;0;0;0;0;0;'I';None;0
'Cliente.Provincia.L';'T';80.50;54.30;99.50;60.30;'Arial';10;0;0;0;0;0;'I';'Provincia:';0
'Cliente.TipoDoc';'T';80.50;59.30;100.50;64.30;'Arial';10;0;0;0;0;0;'I';'CUIT:';0
'CodigoBarras';'BC';9.70;276.40;101.80;283.00;'Interleaved 2of5 NT';0.75;0;0;0;0;0;'I';'200000000001000159053338016581200810081';3
'CodigoBarrasLegible';'T';9.70;283.30;101.30;286.20;'Arial';6;0;0;0;0;0;'C';'3369345023901000161101021770094201103155';3
'Comprobante.N\xba';'T';126.70;19.20;136.70;24.70;'Arial';14;1;0;0;0;0;'I';'N\xba: ';2
'ComprobanteEx.L';'T';109.70;8.30;205.40;12.80;'Arial Black';13;0;0;0;0;0;'C';'FACTURA';2
'Cuadro';'B';7.40;7.50;207.40;286.20;'Arial';0;0;0;0;0;0;'I';None;-3
'CuadroX';'B';97.80;7.50;107.80;17.80;'Arial';0;1;0;0;0;0;'I';None;2
'EMPRESA';'T';9.00;16.70;101.10;21.70;'Arial';12;1;0;0;0;0;'I';'';2
'EXENTO.L';'T';90.90;236.10;103.90;240.80;'Arial';9;0;0;0;0;0;'I';'Exento:';0
'Fecha';'T';145.90;24.90;185.90;31.20;'Arial';12;0;0;0;0;65535;'I';None;0
'Fecha.L';'T';126.70;25.10;144.00;31.00;'Arial';12;0;0;0;0;0;'I';'Fecha:';0
'IIBB';'T';157.10;32.40;205.10;37.40;'Arial';10;0;0;0;0;0;'C';'';2
'INICIO';'T';105.00;37.70;205.20;42.70;'Arial';10;0;0;0;0;0;'I';'';2
'IVA';'T';9.20;37.50;101.10;42.50;'Arial';10;0;0;0;0;0;'I';'';2
'IVA10.5';'T';185.70;266.90;206.80;270.90;'Arial';9;0;0;0;0;65535;'D';None;0
'IVA10.5.L';'T';153.40;267.00;174.70;271.00;'Arial';9;0;0;0;0;0;'I';'I.V.A. 10,5%';0
'IVA2.5';'T';185.70;258.50;206.80;262.50;'Arial';9;0;0;0;0;65535;'D';None;0
'IVA2.5.L';'T';153.40;258.60;174.70;262.60;'Arial';9;0;0;0;0;0;'I';'I.V.A. 2.5%';0
'IVA21';'T';185.70;271.20;206.80;275.20;'Arial';9;0;0;0;0;65535;'D';None;0
'IVA21.L';'T';153.30;271.20;174.60;275.20;'Arial';9;0;0;0;0;0;'I';'I.V.A. 21%';0
'IVA27';'T';185.80;275.30;206.90;279.30;'Arial';9;0;0;0;0;65535;'D';None;0
'IVA27.L';'T';153.40;275.30;174.70;279.30;'Arial';9;0;0;0;0;0;'I';'I.V.A. 27%';0
'IVA5';'T';185.80;262.80;206.90;266.80;'Arial';9;0;0;0;0;65535;'D';None;0
'IVA5.L';'T';153.40;262.80;174.70;266.80;'Arial';9;0;0;0;0;0;'I';'I.V.A. 5%';0
'Item.AlicuotaIVA';'T';163.40;72.80;182.60;77.80;'Arial';8;0;0;0;0;65535;'C';'IVA';0
'Item.AlicuotaIva01';'T';163.20;77.90;170.80;81.70;'Arial';8;0;0;0;0;65535;'D';'';0
'Item.AlicuotaIva02';'T';163.20;81.90;170.80;85.70;'Arial';8;0;0;0;0;65535;'D';'';0
'Item.AlicuotaIva03';'T';163.20;85.90;170.80;89.70;'Arial';8;0;0;0;0;65535;'D';'';0
'Item.AlicuotaIva04';'T';163.20;89.90;170.80;93.70;'Arial';8;0;0;0;0;65535;'D';'';0
'Item.AlicuotaIva05';'T';163.20;93.90;170.80;97.70;'Arial';8;0;0;0;0;65535;'D';'';0
'Item.AlicuotaIva06';'T';163.20;97.90;170.80;101.70;'Arial';8;0;0;0;0;65535;'D';'';0
'Item.AlicuotaIva07';'T';163.20;101.90;170.80;105.70;'Arial';8;0;0;0;0;65535;'D';'';0
'Item.AlicuotaIva08';'T';163.20;105.90;170.80;109.70;'Arial';8;0;0;0;0;65535;'D';'';0
'Item.AlicuotaIva09';'T';163.20;109.90;170.80;113.70;'Arial';8;0;0;0;0;65535;'D';'';0
'Item.AlicuotaIva10';'T';163.20;113.90;170.80;117.70;'Arial';8;0;0;0;0;65535;'D';'';0
'Item.AlicuotaIva11';'T';163.20;117.90;170.80;121.70;'Arial';8;0;0;0;0;65535;'D';'';0
'Item.AlicuotaIva12';'T';163.20;121.90;170.80;125.70;'Arial';8;0;0;0;0;65535;'D';'';0
'Item.AlicuotaIva13';'T';163.20;125.90;170.80;129.70;'Arial';8;0;0;0;0;65535;'D';'';0
'Item.AlicuotaIva14';'T';163.20;129.90;170.80;133.70;'Arial';8;0;0;0;0;65535;'D';'';0
'Item.AlicuotaIva15';'T';163.20;133.90;170.80;137.70;'Arial';8;0;0;0;0;65535;'D';'';0
'Item.AlicuotaIva16';'T';163.20;137.90;170.80;141.70;'Arial';8;0;0;0;0;65535;'D';'';0
'Item.AlicuotaIva17';'T';163.20;141.90;170.80;145.70;'Arial';8;0;0;0;0;65535;'D';'';0
'Item.AlicuotaIva18';'T';163.20;145.90;170.80;149.70;'Arial';8;0;0;0;0;65535;'D';'';0
'Item.AlicuotaIva19';'T';163.20;149.90;170.80;153.70;'Arial';8;0;0;0;0;65535;'D';'';0
'Item.AlicuotaIva20';'T';163.20;153.90;170.80;157.70;'Arial';8;0;0;0;0;65535;'D';'';0
'Item.AlicuotaIva21';'T';163.20;157.90;170.80;161.70;'Arial';8;0;0;0;0;65535;'D';'';0
'Item.AlicuotaIva22';'T';163.20;161.90;170.80;165.70;'Arial';8;0;0;0;0;65535;'D';'';0
'Item.AlicuotaIva23';'T';163.20;165.90;170.80;169.70;'Arial';8;0;0;0;0;65535;'D';'';0
'Item.AlicuotaIva24';'T';163.20;169.90;170.80;173.70;'Arial';8;0;0;0;0;65535;'D';'';0
'Item.AlicuotaIva25';'T';163.20;173.90;170.80;177.70;'Arial';8;0;0;0;0;65535;'D';'';0
'Item.AlicuotaIva26';'T';163.20;177.90;170.80;181.70;'Arial';8;0;0;0;0;65535;'D';'';0
'Item.AlicuotaIva27';'T';163.20;181.90;170.80;185.70;'Arial';8;0;0;0;0;65535;'D';'';0
'Item.AlicuotaIva28';'T';163.20;185.90;170.80;189.70;'Arial';8;0;0;0;0;65535;'D';'';0
'Item.AlicuotaIva29';'T';163.20;189.90;170.80;193.70;'Arial';8;0;0;0;0;65535;'D';'';0
'Item.AlicuotaIva30';'T';163.20;193.90;170.80;197.70;'Arial';8;0;0;0;0;65535;'D';'';0
'Item.AlicuotaIva31';'T';163.20;197.90;170.80;201.70;'Arial';8;0;0;0;0;65535;'D';'';0
'Item.AlicuotaIva32';'T';163.20;201.90;170.80;205.70;'Arial';8;0;0;0;0;65535;'D';'';0
'Item.AlicuotaIva33';'T';163.20;205.90;170.80;209.70;'Arial';8;0;0;0;0;65535;'D';'';0
'Item.AlicuotaIva34';'T';163.20;209.90;170.80;213.70;'Arial';8;0;0;0;0;65535;'D';'';0
'Item.AlicuotaIva35';'T';163.20;213.90;170.80;217.70;'Arial';8;0;0;0;0;65535;'D';'';0
'Item.AlicuotaIva36';'T';163.20;217.90;170.80;221.70;'Arial';8;0;0;0;0;65535;'D';'';0
'Item.AlicuotaIva37';'T';163.20;221.90;170.80;225.70;'Arial';8;0;0;0;0;65535;'D';'';0
'Item.AlicuotaIva38';'T';163.20;225.90;170.80;229.70;'Arial';8;0;0;0;0;65535;'D';'';0
'Item.AlicuotaIva39';'T';163.20;229.90;170.80;233.70;'Arial';8;0;0;0;0;65535;'D';'';0
'Item.Bonif01';'T';136.40;78.10;146.00;81.90;'Arial';8;0;0;0;0;65535;'D';'';0
'Item.Bonif02';'T';136.40;82.10;146.00;85.90;'Arial';8;0;0;0;0;65535;'D';'';0
'Item.Bonif03';'T';136.40;86.10;146.00;89.90;'Arial';8;0;0;0;0;65535;'D';'';0
'Item.Bonif04';'T';136.40;90.10;146.00;93.90;'Arial';8;0;0;0;0;65535;'D';'';0
'Item.Bonif05';'T';136.40;94.10;146.00;97.90;'Arial';8;0;0;0;0;65535;'D';'';0
'Item.Bonif06';'T';136.40;98.10;146.00;101.90;'Arial';8;0;0;0;0;65535;'D';'';0
'Item.Bonif07';'T';136.40;102.10;146.00;105.90;'Arial';8;0;0;0;0;65535;'D';'';0
'Item.Bonif08';'T';136.40;106.10;146.00;109.90;'Arial';8;0;0;0;0;65535;'D';'';0
'Item.Bonif09';'T';136.40;110.10;146.00;113.90;'Arial';8;0;0;0;0;65535;'D';'';0
'Item.Bonif10';'T';136.40;114.10;146.00;117.90;'Arial';8;0;0;0;0;65535;'D';'';0
'Item.Bonif11';'T';136.40;118.10;146.00;121.90;'Arial';8;0;0;0;0;65535;'D';'';0
'Item.Bonif12';'T';136.40;122.10;146.00;125.90;'Arial';8;0;0;0;0;65535;'D';'';0
'Item.Bonif13';'T';136.40;126.10;146.00;129.90;'Arial';8;0;0;0;0;65535;'D';'';0
'Item.Bonif14';'T';136.40;130.10;146.00;133.90;'Arial';8;0;0;0;0;65535;'D';'';0
'Item.Bonif15';'T';136.40;134.10;146.00;137.90;'Arial';8;0;0;0;0;65535;'D';'';0
'Item.Bonif16';'T';136.40;138.10;146.00;141.90;'Arial';8;0;0;0;0;65535;'D';'';0
'Item.Bonif17';'T';136.40;142.10;146.00;145.90;'Arial';8;0;0;0;0;65535;'D';'';0
'Item.Bonif18';'T';136.40;146.10;146.00;149.90;'Arial';8;0;0;0;0;65535;'D';'';0
'Item.Bonif19';'T';136.40;150.10;146.00;153.90;'Arial';8;0;0;0;0;65535;'D';'';0
'Item.Bonif20';'T';136.40;154.10;146.00;157.90;'Arial';8;0;0;0;0;65535;'D';'';0
'Item.Bonif21';'T';136.40;158.10;146.00;161.90;'Arial';8;0;0;0;0;65535;'D';'';0
'Item.Bonif22';'T';136.40;162.10;146.00;165.90;'Arial';8;0;0;0;0;65535;'D';'';0
'Item.Bonif23';'T';136.40;166.10;146.00;169.90;'Arial';8;0;0;0;0;65535;'D';'';0
'Item.Bonif24';'T';136.40;170.10;146.00;173.90;'Arial';8;0;0;0;0;65535;'D';'';0
'Item.Bonif25';'T';136.40;174.10;146.00;177.90;'Arial';8;0;0;0;0;65535;'D';'';0
'Item.Bonif26';'T';136.40;178.10;146.00;181.90;'Arial';8;0;0;0;0;65535;'D';'';0
'Item.Bonif27';'T';136.40;182.10;146.00;185.90;'Arial';8;0;0;0;0;65535;'D';'';0
'Item.Bonif28';'T';136.40;186.10;146.00;189.90;'Arial';8;0;0;0;0;65535;'D';'';0
'Item.Bonif29';'T';136.40;190.10;146.00;193.90;'Arial';8;0;0;0;0;65535;'D';'';0
'Item.Bonif30';'T';136.40;194.10;146.00;197.90;'Arial';8;0;0;0;0;65535;'D';'';0
'Item.Bonif31';'T';136.40;198.10;146.00;201.90;'Arial';8;0;0;0;0;65535;'D';'';0
'Item.Bonif32';'T';136.40;202.10;146.00;205.90;'Arial';8;0;0;0;0;65535;'D';'';0
'Item.Bonif33';'T';136.40;206.10;146.00;209.90;'Arial';8;0;0;0;0;65535;'D';'';0
'Item.Bonif34';'T';136.40;210.10;146.00;213.90;'Arial';8;0;0;0;0;65535;'D';'';0
'Item.Bonif35';'T';136.40;214.10;146.00;217.90;'Arial';8;0;0;0;0;65535;'D';'';0
'Item.Bonif36';'T';136.40;218.10;146.00;221.90;'Arial';8;0;0;0;0;65535;'D';'';0
'Item.Bonif37';'T';136.40;222.10;146.00;225.90;'Arial';8;0;0;0;0;65535;'D';'';0
'Item.Bonif38';'T';136.40;226.10;146.00;229.90;'Arial';8;0;0;0;0;65535;'D';'';0
'Item.Bonif39';'T';136.40;230.10;146.00;233.90;'Arial';8;0;0;0;0;65535;'D';'';0
'Item.Bonificacion';'T';135.80;72.80;146.40;77.80;'Arial';8;0;0;0;0;65535;'C';'Bonif.';0
'Item.Cantidad';'T';122.50;72.90;135.20;77.90;'Arial';8;0;0;0;0;65535;'C';'Cantidad';0
'Item.Cantidad01';'T';123.50;78.10;134.80;81.90;'Arial';8;0;0;0;0;65535;'D';'';0
'Item.Cantidad02';'T';123.50;82.10;134.80;85.90;'Arial';8;0;0;0;0;65535;'D';'';0
'Item.Cantidad03';'T';123.50;86.10;134.80;89.90;'Arial';8;0;0;0;0;65535;'D';'';0
'Item.Cantidad04';'T';123.50;90.10;134.80;93.90;'Arial';8;0;0;0;0;65535;'D';'';0
'Item.Cantidad05';'T';123.50;94.10;134.80;97.90;'Arial';8;0;0;0;0;65535;'D';'';0
'Item.Cantidad06';'T';123.50;98.10;134.80;101.90;'Arial';8;0;0;0;0;65535;'D';'';0
'Item.Cantidad07';'T';123.50;102.10;134.80;105.90;'Arial';8;0;0;0;0;65535;'D';'';0
'Item.Cantidad08';'T';123.50;106.10;134.80;109.90;'Arial';8;0;0;0;0;65535;'D';'';0
'Item.Cantidad09';'T';123.50;110.10;134.80;113.90;'Arial';8;0;0;0;0;65535;'D';'';0
'Item.Cantidad10';'T';123.50;114.10;134.80;117.90;'Arial';8;0;0;0;0;65535;'D';'';0
'Item.Cantidad11';'T';123.50;118.10;134.80;121.90;'Arial';8;0;0;0;0;65535;'D';'';0
'Item.Cantidad12';'T';123.50;122.10;134.80;125.90;'Arial';8;0;0;0;0;65535;'D';'';0
'Item.Cantidad13';'T';123.50;126.10;134.80;129.90;'Arial';8;0;0;0;0;65535;'D';'';0
'Item.Cantidad14';'T';123.50;130.10;134.80;133.90;'Arial';8;0;0;0;0;65535;'D';'';0
'Item.Cantidad15';'T';123.50;134.10;134.80;137.90;'Arial';8;0;0;0;0;65535;'D';'';0
'Item.Cantidad16';'T';123.50;138.10;134.80;141.90;'Arial';8;0;0;0;0;65535;'D';'';0
'Item.Cantidad17';'T';123.50;142.10;134.80;145.90;'Arial';8;0;0;0;0;65535;'D';'';0
'Item.Cantidad18';'T';123.50;146.10;134.80;149.90;'Arial';8;0;0;0;0;65535;'D';'';0
'Item.Cantidad19';'T';123.50;150.10;134.80;153.90;'Arial';8;0;0;0;0;65535;'D';'';0
'Item.Cantidad20';'T';123.50;154.10;134.80;157.90;'Arial';8;0;0;0;0;65535;'D';'';0
'Item.Cantidad21';'T';123.50;158.10;134.80;161.90;'Arial';8;0;0;0;0;65535;'D';'';0
'Item.Cantidad22';'T';123.50;162.10;134.80;165.90;'Arial';8;0;0;0;0;65535;'D';'';0
'Item.Cantidad23';'T';123.50;166.10;134.80;169.90;'Arial';8;0;0;0;0;65535;'D';'';0
'Item.Cantidad24';'T';123.50;170.10;134.80;173.90;'Arial';8;0;0;0;0;65535;'D';'';0
'Item.Cantidad25';'T';123.50;174.10;134.80;177.90;'Arial';8;0;0;0;0;65535;'D';'';0
'Item.Cantidad26';'T';123.50;178.10;134.80;181.90;'Arial';8;0;0;0;0;65535;'D';'';0
'Item.Cantidad27';'T';123.50;182.10;134.80;185.90;'Arial';8;0;0;0;0;65535;'D';'';0
'Item.Cantidad28';'T';123.50;186.10;134.80;189.90;'Arial';8;0;0;0;0;65535;'D';'';0
'Item.Cantidad29';'T';123.50;190.10;134.80;193.90;'Arial';8;0;0;0;0;65535;'D';'';0
'Item.Cantidad30';'T';123.50;194.10;134.80;197.90;'Arial';8;0;0;0;0;65535;'D';'';0
'Item.Cantidad31';'T';123.50;198.10;134.80;201.90;'Arial';8;0;0;0;0;65535;'D';'';0
'Item.Cantidad32';'T';123.50;202.10;134.80;205.90;'Arial';8;0;0;0;0;65535;'D';'';0
'Item.Cantidad33';'T';123.50;206.10;134.80;209.90;'Arial';8;0;0;0;0;65535;'D';'';0
'Item.Cantidad34';'T';123.50;210.10;134.80;213.90;'Arial';8;0;0;0;0;65535;'D';'';0
'Item.Cantidad35';'T';123.50;214.10;134.80;217.90;'Arial';8;0;0;0;0;65535;'D';'';0
'Item.Cantidad36';'T';123.50;218.10;134.80;221.90;'Arial';8;0;0;0;0;65535;'D';'';0
'Item.Cantidad37';'T';123.50;222.10;134.80;225.90;'Arial';8;0;0;0;0;65535;'D';'';0
'Item.Cantidad38';'T';123.50;226.10;134.80;229.90;'Arial';8;0;0;0;0;65535;'D';'';0
'Item.Cantidad39';'T';123.50;230.10;134.80;233.90;'Arial';8;0;0;0;0;65535;'D';'';0
'Item.Codigo';'T';8.70;72.70;32.90;77.70;'Arial';8;0;0;0;0;65535;'C';'Articulo';0
'Item.Codigo01';'T';9.20;77.90;32.30;81.70;'Arial';8;0;0;0;0;65535;'D';'';0
'Item.Codigo02';'T';9.20;81.90;32.30;85.70;'Arial';8;0;0;0;0;65535;'D';'';0
'Item.Codigo03';'T';9.20;85.90;32.30;89.70;'Arial';8;0;0;0;0;65535;'D';'';0
'Item.Codigo04';'T';9.20;89.90;32.30;93.70;'Arial';8;0;0;0;0;65535;'D';'';0
'Item.Codigo05';'T';9.20;93.90;32.30;97.70;'Arial';8;0;0;0;0;65535;'D';'';0
'Item.Codigo06';'T';9.20;97.90;32.30;101.70;'Arial';8;0;0;0;0;65535;'D';'';0
'Item.Codigo07';'T';9.20;101.90;32.30;105.70;'Arial';8;0;0;0;0;65535;'D';'';0
'Item.Codigo08';'T';9.20;105.90;32.30;109.70;'Arial';8;0;0;0;0;65535;'D';'';0
'Item.Codigo09';'T';9.20;109.90;32.30;113.70;'Arial';8;0;0;0;0;65535;'D';'';0
'Item.Codigo10';'T';9.20;113.90;32.30;117.70;'Arial';8;0;0;0;0;65535;'D';'';0
'Item.Codigo11';'T';9.20;117.90;32.30;121.70;'Arial';8;0;0;0;0;65535;'D';'';0
'Item.Codigo12';'T';9.20;121.90;32.30;125.70;'Arial';8;0;0;0;0;65535;'D';'';0
'Item.Codigo13';'T';9.20;125.90;32.30;129.70;'Arial';8;0;0;0;0;65535;'D';'';0
'Item.Codigo14';'T';9.20;129.90;32.30;133.70;'Arial';8;0;0;0;0;65535;'D';'';0
'Item.Codigo15';'T';9.20;133.90;32.30;137.70;'Arial';8;0;0;0;0;65535;'D';'';0
'Item.Codigo16';'T';9.20;137.90;32.30;141.70;'Arial';8;0;0;0;0;65535;'D';'';0
'Item.Codigo17';'T';9.20;141.90;32.30;145.70;'Arial';8;0;0;0;0;65535;'D';'';0
'Item.Codigo18';'T';9.20;145.90;32.30;149.70;'Arial';8;0;0;0;0;65535;'D';'';0
'Item.Codigo19';'T';9.20;149.90;32.30;153.70;'Arial';8;0;0;0;0;65535;'D';'';0
'Item.Codigo20';'T';9.20;153.90;32.30;157.70;'Arial';8;0;0;0;0;65535;'D';'';0
'Item.Codigo21';'T';9.20;157.90;32.30;161.70;'Arial';8;0;0;0;0;65535;'D';'';0
'Item.Codigo22';'T';9.20;161.90;32.30;165.70;'Arial';8;0;0;0;0;65535;'D';'';0
'Item.Codigo23';'T';9.20;165.90;32.30;169.70;'Arial';8;0;0;0;0;65535;'D';'';0
'Item.Codigo24';'T';9.20;169.90;32.30;173.70;'Arial';8;0;0;0;0;65535;'D';'';0
'Item.Codigo25';'T';9.20;173.90;32.30;177.70;'Arial';8;0;0;0;0;65535;'D';'';0
'Item.Codigo26';'T';9.20;177.90;32.30;181.70;'Arial';8;0;0;0;0;65535;'D';'';0
'Item.Codigo27';'T';9.20;181.90;32.30;185.70;'Arial';8;0;0;0;0;65535;'D';'';0
'Item.Codigo28';'T';9.20;185.90;32.30;189.70;'Arial';8;0;0;0;0;65535;'D';'';0
'Item.Codigo29';'T';9.20;189.90;32.30;193.70;'Arial';8;0;0;0;0;65535;'D';'';0
'Item.Codigo30';'T';9.20;193.90;32.30;197.70;'Arial';8;0;0;0;0;65535;'D';'';0
'Item.Codigo31';'T';9.20;197.90;32.30;201.70;'Arial';8;0;0;0;0;65535;'D';'';0
'Item.Codigo32';'T';9.20;201.90;32.30;205.70;'Arial';8;0;0;0;0;65535;'D';'';0
'Item.Codigo33';'T';9.20;205.90;32.30;209.70;'Arial';8;0;0;0;0;65535;'D';'';0
'Item.Codigo34';'T';9.20;209.90;32.30;213.70;'Arial';8;0;0;0;0;65535;'D';'';0
'Item.Codigo35';'T';9.20;213.90;32.30;217.70;'Arial';8;0;0;0;0;65535;'D';'';0
'Item.Codigo36';'T';9.20;217.90;32.30;221.70;'Arial';8;0;0;0;0;65535;'D';'';0
'Item.Codigo37';'T';9.20;221.90;32.30;225.70;'Arial';8;0;0;0;0;65535;'D';'';0
'Item.Codigo38';'T';9.20;225.90;32.30;229.70;'Arial';8;0;0;0;0;65535;'D';'';0
'Item.Codigo39';'T';9.20;229.90;32.30;233.70;'Arial';8;0;0;0;0;65535;'D';'';0
'Item.Dato_A01';'T';106.30;78.00;113.60;81.80;'Arial';8;0;0;0;0;65535;'D';'';0
'Item.Dato_A02';'T';106.30;82.00;113.60;85.80;'Arial';8;0;0;0;0;65535;'D';'';0
'Item.Dato_A03';'T';106.30;86.00;113.60;89.80;'Arial';8;0;0;0;0;65535;'D';'';0
'Item.Dato_A04';'T';106.30;90.00;113.60;93.80;'Arial';8;0;0;0;0;65535;'D';'';0
'Item.Dato_A05';'T';106.30;94.00;113.60;97.80;'Arial';8;0;0;0;0;65535;'D';'';0
'Item.Dato_A06';'T';106.30;98.00;113.60;101.80;'Arial';8;0;0;0;0;65535;'D';'';0
'Item.Dato_A07';'T';106.30;102.00;113.60;105.80;'Arial';8;0;0;0;0;65535;'D';'';0
'Item.Dato_A08';'T';106.30;106.00;113.60;109.80;'Arial';8;0;0;0;0;65535;'D';'';0
'Item.Dato_A09';'T';106.30;110.00;113.60;113.80;'Arial';8;0;0;0;0;65535;'D';'';0
'Item.Dato_A10';'T';106.30;114.00;113.60;117.80;'Arial';8;0;0;0;0;65535;'D';'';0
'Item.Dato_A11';'T';106.30;118.00;113.60;121.80;'Arial';8;0;0;0;0;65535;'D';'';0
'Item.Dato_A12';'T';106.30;122.00;113.60;125.80;'Arial';8;0;0;0;0;65535;'D';'';0
'Item.Dato_A13';'T';106.30;126.00;113.60;129.80;'Arial';8;0;0;0;0;65535;'D';'';0
'Item.Dato_A14';'T';106.30;130.00;113.60;133.80;'Arial';8;0;0;0;0;65535;'D';'';0
'Item.Dato_A15';'T';106.30;134.00;113.60;137.80;'Arial';8;0;0;0;0;65535;'D';'';0
'Item.Dato_A16';'T';106.30;138.00;113.60;141.80;'Arial';8;0;0;0;0;65535;'D';'';0
'Item.Dato_A17';'T';106.30;142.00;113.60;145.80;'Arial';8;0;0;0;0;65535;'D';'';0
'Item.Dato_A18';'T';106.30;146.00;113.60;149.80;'Arial';8;0;0;0;0;65535;'D';'';0
'Item.Dato_A19';'T';106.30;150.00;113.60;153.80;'Arial';8;0;0;0;0;65535;'D';'';0
'Item.Dato_A20';'T';106.30;154.00;113.60;157.80;'Arial';8;0;0;0;0;65535;'D';'';0
'Item.Dato_A21';'T';106.30;158.00;113.60;161.80;'Arial';8;0;0;0;0;65535;'D';'';0
'Item.Dato_A22';'T';106.30;162.00;113.60;165.80;'Arial';8;0;0;0;0;65535;'D';'';0
'Item.Dato_A23';'T';106.30;166.00;113.60;169.80;'Arial';8;0;0;0;0;65535;'D';'';0
'Item.Dato_A24';'T';106.30;170.00;113.60;173.80;'Arial';8;0;0;0;0;65535;'D';'';0
'Item.Dato_A25';'T';106.30;174.00;113.60;177.80;'Arial';8;0;0;0;0;65535;'D';'';0
'Item.Dato_A26';'T';106.30;178.00;113.60;181.80;'Arial';8;0;0;0;0;65535;'D';'';0
'Item.Dato_A27';'T';106.30;182.00;113.60;185.80;'Arial';8;0;0;0;0;65535;'D';'';0
'Item.Dato_A28';'T';106.30;186.00;113.60;189.80;'Arial';8;0;0;0;0;65535;'D';'';0
'Item.Dato_A29';'T';106.30;190.00;113.60;193.80;'Arial';8;0;0;0;0;65535;'D';'';0
'Item.Dato_A30';'T';106.30;194.00;113.60;197.80;'Arial';8;0;0;0;0;65535;'D';'';0
'Item.Dato_A31';'T';106.30;198.00;113.60;201.80;'Arial';8;0;0;0;0;65535;'D';'';0
'Item.Dato_A32';'T';106.30;202.00;113.60;205.80;'Arial';8;0;0;0;0;65535;'D';'';0
'Item.Dato_A33';'T';106.30;206.00;113.60;209.80;'Arial';8;0;0;0;0;65535;'D';'';0
'Item.Dato_A34';'T';106.30;210.00;113.60;213.80;'Arial';8;0;0;0;0;65535;'D';'';0
'Item.Dato_A35';'T';106.30;214.00;113.60;217.80;'Arial';8;0;0;0;0;65535;'D';'';0
'Item.Dato_A36';'T';106.30;218.00;113.60;221.80;'Arial';8;0;0;0;0;65535;'D';'';0
'Item.Dato_A37';'T';106.30;222.00;113.60;225.80;'Arial';8;0;0;0;0;65535;'D';'';0
'Item.Dato_A38';'T';106.30;226.00;113.60;229.80;'Arial';8;0;0;0;0;65535;'D';'';0
'Item.Dato_A39';'T';106.30;230.00;113.60;233.80;'Arial';8;0;0;0;0;65535;'D';'';0
'Item.Dato_B01';'T';113.80;78.10;121.60;81.90;'Arial';8;0;0;0;0;65535;'D';'';0
'Item.Dato_B02';'T';114.00;82.10;121.80;85.90;'Arial';8;0;0;0;0;65535;'D';'';0
'Item.Dato_B03';'T';114.00;86.10;121.80;89.90;'Arial';8;0;0;0;0;65535;'D';'';0
'Item.Dato_B04';'T';114.00;90.10;121.80;93.90;'Arial';8;0;0;0;0;65535;'D';'';0
'Item.Dato_B05';'T';114.00;94.10;121.80;97.90;'Arial';8;0;0;0;0;65535;'D';'';0
'Item.Dato_B06';'T';114.00;98.10;121.80;101.90;'Arial';8;0;0;0;0;65535;'D';'';0
'Item.Dato_B07';'T';114.00;102.10;121.80;105.90;'Arial';8;0;0;0;0;65535;'D';'';0
'Item.Dato_B08';'T';114.00;106.10;121.80;109.90;'Arial';8;0;0;0;0;65535;'D';'';0
'Item.Dato_B09';'T';114.00;110.10;121.80;113.90;'Arial';8;0;0;0;0;65535;'D';'';0
'Item.Dato_B10';'T';114.00;114.10;121.80;117.90;'Arial';8;0;0;0;0;65535;'D';'';0
'Item.Dato_B11';'T';114.00;118.10;121.80;121.90;'Arial';8;0;0;0;0;65535;'D';'';0
'Item.Dato_B12';'T';114.00;122.10;121.80;125.90;'Arial';8;0;0;0;0;65535;'D';'';0
'Item.Dato_B13';'T';114.00;126.10;121.80;129.90;'Arial';8;0;0;0;0;65535;'D';'';0
'Item.Dato_B14';'T';114.00;130.10;121.80;133.90;'Arial';8;0;0;0;0;65535;'D';'';0
'Item.Dato_B15';'T';114.00;134.10;121.80;137.90;'Arial';8;0;0;0;0;65535;'D';'';0
'Item.Dato_B16';'T';114.00;138.10;121.80;141.90;'Arial';8;0;0;0;0;65535;'D';'';0
'Item.Dato_B17';'T';114.00;142.10;121.80;145.90;'Arial';8;0;0;0;0;65535;'D';'';0
'Item.Dato_B18';'T';114.00;146.10;121.80;149.90;'Arial';8;0;0;0;0;65535;'D';'';0
'Item.Dato_B19';'T';114.00;150.10;121.80;153.90;'Arial';8;0;0;0;0;65535;'D';'';0
'Item.Dato_B20';'T';114.00;154.10;121.80;157.90;'Arial';8;0;0;0;0;65535;'D';'';0
'Item.Dato_B21';'T';114.00;158.10;121.80;161.90;'Arial';8;0;0;0;0;65535;'D';'';0
'Item.Dato_B22';'T';114.00;162.10;121.80;165.90;'Arial';8;0;0;0;0;65535;'D';'';0
'Item.Dato_B23';'T';114.00;166.10;121.80;169.90;'Arial';8;0;0;0;0;65535;'D';'';0
'Item.Dato_B24';'T';114.00;170.10;121.80;173.90;'Arial';8;0;0;0;0;65535;'D';'';0
'Item.Dato_B25';'T';114.00;174.10;121.80;177.90;'Arial';8;0;0;0;0;65535;'D';'';0
'Item.Dato_B26';'T';114.00;178.10;121.80;181.90;'Arial';8;0;0;0;0;65535;'D';'';0
'Item.Dato_B27';'T';114.00;182.10;121.80;185.90;'Arial';8;0;0;0;0;65535;'D';'';0
'Item.Dato_B28';'T';114.00;186.10;121.80;189.90;'Arial';8;0;0;0;0;65535;'D';'';0
'Item.Dato_B29';'T';114.00;190.10;121.80;193.90;'Arial';8;0;0;0;0;65535;'D';'';0
'Item.Dato_B30';'T';114.00;194.10;121.80;197.90;'Arial';8;0;0;0;0;65535;'D';'';0
'Item.Dato_B31';'T';114.00;198.10;121.80;201.90;'Arial';8;0;0;0;0;65535;'D';'';0
'Item.Dato_B32';'T';114.00;202.10;121.80;205.90;'Arial';8;0;0;0;0;65535;'D';'';0
'Item.Dato_B33';'T';114.00;206.10;121.80;209.90;'Arial';8;0;0;0;0;65535;'D';'';0
'Item.Dato_B34';'T';114.00;210.10;121.80;213.90;'Arial';8;0;0;0;0;65535;'D';'';0
'Item.Dato_B35';'T';114.00;214.10;121.80;217.90;'Arial';8;0;0;0;0;65535;'D';'';0
'Item.Dato_B36';'T';114.00;218.10;121.80;221.90;'Arial';8;0;0;0;0;65535;'D';'';0
'Item.Dato_B37';'T';114.00;222.10;121.80;225.90;'Arial';8;0;0;0;0;65535;'D';'';0
'Item.Dato_B38';'T';114.00;226.10;121.80;229.90;'Arial';8;0;0;0;0;65535;'D';'';0
'Item.Dato_B39';'T';114.00;230.10;121.80;233.90;'Arial';8;0;0;0;0;65535;'D';'';0
'Item.Descripcion';'T';42.70;72.80;121.40;77.80;'Arial';8;0;0;0;0;65535;'C';'Descripci\xf3n';0
'Item.Descripcion01';'T';43.50;77.70;105.80;81.70;'Arial';8;0;0;0;0;65535;'I';'';0
'Item.Descripcion02';'T';43.50;81.70;105.80;85.70;'Arial';8;0;0;0;0;65535;'I';'';0
'Item.Descripcion03';'T';43.50;85.70;105.80;89.70;'Arial';8;0;0;0;0;65535;'I';'';0
'Item.Descripcion04';'T';43.50;89.70;105.80;93.70;'Arial';8;0;0;0;0;65535;'I';'';0
'Item.Descripcion05';'T';43.50;93.70;105.80;97.70;'Arial';8;0;0;0;0;65535;'I';'';0
'Item.Descripcion06';'T';43.50;97.70;105.80;101.70;'Arial';8;0;0;0;0;65535;'I';'';0
'Item.Descripcion07';'T';43.50;101.70;105.80;105.70;'Arial';8;0;0;0;0;65535;'I';'';0
'Item.Descripcion08';'T';43.50;105.70;105.80;109.70;'Arial';8;0;0;0;0;65535;'I';'';0
'Item.Descripcion09';'T';43.50;109.70;105.80;113.70;'Arial';8;0;0;0;0;65535;'I';'';0
'Item.Descripcion10';'T';43.50;113.70;105.80;117.70;'Arial';8;0;0;0;0;65535;'I';'';0
'Item.Descripcion11';'T';43.50;117.70;105.80;121.70;'Arial';8;0;0;0;0;65535;'I';'';0
'Item.Descripcion12';'T';43.50;121.70;105.80;125.70;'Arial';8;0;0;0;0;65535;'I';'';0
'Item.Descripcion13';'T';43.50;125.70;105.80;129.70;'Arial';8;0;0;0;0;65535;'I';'';0
'Item.Descripcion14';'T';43.50;129.70;105.80;133.70;'Arial';8;0;0;0;0;65535;'I';'';0
'Item.Descripcion15';'T';43.50;133.70;105.80;137.70;'Arial';8;0;0;0;0;65535;'I';'';0
'Item.Descripcion16';'T';43.50;137.70;105.80;141.70;'Arial';8;0;0;0;0;65535;'I';'';0
'Item.Descripcion17';'T';43.50;141.70;105.80;145.70;'Arial';8;0;0;0;0;65535;'I';'';0
'Item.Descripcion18';'T';43.50;145.70;105.80;149.70;'Arial';8;0;0;0;0;65535;'I';'';0
'Item.Descripcion19';'T';43.50;149.70;105.80;153.70;'Arial';8;0;0;0;0;65535;'I';'';0
'Item.Descripcion20';'T';43.50;153.70;105.80;157.70;'Arial';8;0;0;0;0;65535;'I';'';0
'Item.Descripcion21';'T';43.50;157.70;105.80;161.70;'Arial';8;0;0;0;0;65535;'I';'';0
'Item.Descripcion22';'T';43.50;161.70;105.80;165.70;'Arial';8;0;0;0;0;65535;'I';'';0
'Item.Descripcion23';'T';43.50;165.70;105.80;169.70;'Arial';8;0;0;0;0;65535;'I';'';0
'Item.Descripcion24';'T';43.50;169.70;105.80;173.70;'Arial';8;0;0;0;0;65535;'I';'';0
'Item.Descripcion25';'T';43.50;173.70;105.80;177.70;'Arial';8;0;0;0;0;65535;'I';'';0
'Item.Descripcion26';'T';43.50;177.70;105.80;181.70;'Arial';8;0;0;0;0;65535;'I';'';0
'Item.Descripcion27';'T';43.50;181.70;105.80;185.70;'Arial';8;0;0;0;0;65535;'I';'';0
'Item.Descripcion28';'T';43.50;185.70;105.80;189.70;'Arial';8;0;0;0;0;65535;'I';'';0
'Item.Descripcion29';'T';43.50;189.70;105.80;193.70;'Arial';8;0;0;0;0;65535;'I';'';0
'Item.Descripcion30';'T';43.50;193.70;105.80;197.70;'Arial';8;0;0;0;0;65535;'I';'';0
'Item.Descripcion31';'T';43.50;197.70;105.80;201.70;'Arial';8;0;0;0;0;65535;'I';'';0
'Item.Descripcion32';'T';43.50;201.70;105.80;205.70;'Arial';8;0;0;0;0;65535;'I';'';0
'Item.Descripcion33';'T';43.50;205.70;105.80;209.70;'Arial';8;0;0;0;0;65535;'I';'';0
'Item.Descripcion34';'T';43.50;209.70;105.80;213.70;'Arial';8;0;0;0;0;65535;'I';'';0
'Item.Descripcion35';'T';43.50;213.70;105.80;217.70;'Arial';8;0;0;0;0;65535;'I';'';0
'Item.Descripcion36';'T';43.50;217.70;105.80;221.70;'Arial';8;0;0;0;0;65535;'I';'';0
'Item.Descripcion37';'T';43.50;221.70;105.80;225.70;'Arial';8;0;0;0;0;65535;'I';'';0
'Item.Descripcion38';'T';43.50;225.70;105.80;229.70;'Arial';8;0;0;0;0;65535;'I';'';0
'Item.Descripcion39';'T';43.50;229.70;105.80;233.70;'Arial';8;0;0;0;0;65535;'I';'';0
'Item.Importe';'T';183.70;72.70;206.20;77.70;'Arial';8;0;0;0;0;65535;'C';'Importe';0
'Item.Importe01';'T';184.00;77.90;207.00;81.70;'Arial';8;0;0;0;0;65535;'D';'';0
'Item.Importe02';'T';184.00;81.90;207.00;85.70;'Arial';8;0;0;0;0;65535;'D';'';0
'Item.Importe03';'T';184.00;85.90;207.00;89.70;'Arial';8;0;0;0;0;65535;'D';'';0
'Item.Importe04';'T';184.00;89.90;207.00;93.70;'Arial';8;0;0;0;0;65535;'D';'';0
'Item.Importe05';'T';184.00;93.90;207.00;97.70;'Arial';8;0;0;0;0;65535;'D';'';0
'Item.Importe06';'T';184.00;97.90;207.00;101.70;'Arial';8;0;0;0;0;65535;'D';'';0
'Item.Importe07';'T';184.00;101.90;207.00;105.70;'Arial';8;0;0;0;0;65535;'D';'';0
'Item.Importe08';'T';184.00;105.90;207.00;109.70;'Arial';8;0;0;0;0;65535;'D';'';0
'Item.Importe09';'T';184.00;109.90;207.00;113.70;'Arial';8;0;0;0;0;65535;'D';'';0
'Item.Importe10';'T';184.00;113.90;207.00;117.70;'Arial';8;0;0;0;0;65535;'D';'';0
'Item.Importe11';'T';184.00;117.90;207.00;121.70;'Arial';8;0;0;0;0;65535;'D';'';0
'Item.Importe12';'T';184.00;121.90;207.00;125.70;'Arial';8;0;0;0;0;65535;'D';'';0
'Item.Importe13';'T';184.00;125.90;207.00;129.70;'Arial';8;0;0;0;0;65535;'D';'';0
'Item.Importe14';'T';184.00;129.90;207.00;133.70;'Arial';8;0;0;0;0;65535;'D';'';0
'Item.Importe15';'T';184.00;133.90;207.00;137.70;'Arial';8;0;0;0;0;65535;'D';'';0
'Item.Importe16';'T';184.00;137.90;207.00;141.70;'Arial';8;0;0;0;0;65535;'D';'';0
'Item.Importe17';'T';184.00;141.90;207.00;145.70;'Arial';8;0;0;0;0;65535;'D';'';0
'Item.Importe18';'T';184.00;145.90;207.00;149.70;'Arial';8;0;0;0;0;65535;'D';'';0
'Item.Importe19';'T';184.00;149.90;207.00;153.70;'Arial';8;0;0;0;0;65535;'D';'';0
'Item.Importe20';'T';184.00;153.90;207.00;157.70;'Arial';8;0;0;0;0;65535;'D';'';0
'Item.Importe21';'T';184.00;157.90;207.00;161.70;'Arial';8;0;0;0;0;65535;'D';'';0
'Item.Importe22';'T';184.00;161.90;207.00;165.70;'Arial';8;0;0;0;0;65535;'D';'';0
'Item.Importe23';'T';184.00;165.90;207.00;169.70;'Arial';8;0;0;0;0;65535;'D';'';0
'Item.Importe24';'T';184.00;169.90;207.00;173.70;'Arial';8;0;0;0;0;65535;'D';'';0
'Item.Importe25';'T';184.00;173.90;207.00;177.70;'Arial';8;0;0;0;0;65535;'D';'';0
'Item.Importe26';'T';184.00;177.90;207.00;181.70;'Arial';8;0;0;0;0;65535;'D';'';0
'Item.Importe27';'T';184.00;181.90;207.00;185.70;'Arial';8;0;0;0;0;65535;'D';'';0
'Item.Importe28';'T';184.00;185.90;207.00;189.70;'Arial';8;0;0;0;0;65535;'D';'';0
'Item.Importe29';'T';184.00;189.90;207.00;193.70;'Arial';8;0;0;0;0;65535;'D';'';0
'Item.Importe30';'T';184.00;193.90;207.00;197.70;'Arial';8;0;0;0;0;65535;'D';'';0
'Item.Importe31';'T';184.00;197.90;207.00;201.70;'Arial';8;0;0;0;0;65535;'D';'';0
'Item.Importe32';'T';184.00;201.90;207.00;205.70;'Arial';8;0;0;0;0;65535;'D';'';0
'Item.Importe33';'T';184.00;205.90;207.00;209.70;'Arial';8;0;0;0;0;65535;'D';'';0
'Item.Importe34';'T';184.00;209.90;207.00;213.70;'Arial';8;0;0;0;0;65535;'D';'';0
'Item.Importe35';'T';184.00;213.90;207.00;217.70;'Arial';8;0;0;0;0;65535;'D';'';0
'Item.Importe36';'T';184.00;217.90;207.00;221.70;'Arial';8;0;0;0;0;65535;'D';'';0
'Item.Importe37';'T';184.00;221.90;207.00;225.70;'Arial';8;0;0;0;0;65535;'D';'';0
'Item.Importe38';'T';184.00;225.90;207.00;229.70;'Arial';8;0;0;0;0;65535;'D';'';0
'Item.Importe39';'T';184.00;229.90;207.00;233.70;'Arial';8;0;0;0;0;65535;'D';'';0
'Item.ImporteIva01';'T';170.50;77.80;182.70;81.60;'Arial';8;0;0;0;0;65535;'D';'';0
'Item.ImporteIva02';'T';170.50;81.80;182.70;85.60;'Arial';8;0;0;0;0;65535;'D';'';0
'Item.ImporteIva03';'T';170.50;85.80;182.70;89.60;'Arial';8;0;0;0;0;65535;'D';'';0
'Item.ImporteIva04';'T';170.50;89.80;182.70;93.60;'Arial';8;0;0;0;0;65535;'D';'';0
'Item.ImporteIva05';'T';170.50;93.80;182.70;97.60;'Arial';8;0;0;0;0;65535;'D';'';0
'Item.ImporteIva06';'T';170.50;97.80;182.70;101.60;'Arial';8;0;0;0;0;65535;'D';'';0
'Item.ImporteIva07';'T';170.50;101.80;182.70;105.60;'Arial';8;0;0;0;0;65535;'D';'';0
'Item.ImporteIva08';'T';170.50;105.80;182.70;109.60;'Arial';8;0;0;0;0;65535;'D';'';0
'Item.ImporteIva09';'T';170.50;109.80;182.70;113.60;'Arial';8;0;0;0;0;65535;'D';'';0
'Item.ImporteIva10';'T';170.50;113.80;182.70;117.60;'Arial';8;0;0;0;0;65535;'D';'';0
'Item.ImporteIva11';'T';170.50;117.80;182.70;121.60;'Arial';8;0;0;0;0;65535;'D';'';0
'Item.ImporteIva12';'T';170.50;121.80;182.70;125.60;'Arial';8;0;0;0;0;65535;'D';'';0
'Item.ImporteIva13';'T';170.50;125.80;182.70;129.60;'Arial';8;0;0;0;0;65535;'D';'';0
'Item.ImporteIva14';'T';170.50;129.80;182.70;133.60;'Arial';8;0;0;0;0;65535;'D';'';0
'Item.ImporteIva15';'T';170.50;133.80;182.70;137.60;'Arial';8;0;0;0;0;65535;'D';'';0
'Item.ImporteIva16';'T';170.50;137.80;182.70;141.60;'Arial';8;0;0;0;0;65535;'D';'';0
'Item.ImporteIva17';'T';170.50;141.80;182.70;145.60;'Arial';8;0;0;0;0;65535;'D';'';0
'Item.ImporteIva18';'T';170.50;145.80;182.70;149.60;'Arial';8;0;0;0;0;65535;'D';'';0
'Item.ImporteIva19';'T';170.50;149.80;182.70;153.60;'Arial';8;0;0;0;0;65535;'D';'';0
'Item.ImporteIva20';'T';170.50;153.80;182.70;157.60;'Arial';8;0;0;0;0;65535;'D';'';0
'Item.ImporteIva21';'T';170.50;157.80;182.70;161.60;'Arial';8;0;0;0;0;65535;'D';'';0
'Item.ImporteIva22';'T';170.50;161.80;182.70;165.60;'Arial';8;0;0;0;0;65535;'D';'';0
'Item.ImporteIva23';'T';170.50;165.80;182.70;169.60;'Arial';8;0;0;0;0;65535;'D';'';0
'Item.ImporteIva24';'T';170.50;169.80;182.70;173.60;'Arial';8;0;0;0;0;65535;'D';'';0
'Item.ImporteIva25';'T';170.50;173.80;182.70;177.60;'Arial';8;0;0;0;0;65535;'D';'';0
'Item.ImporteIva26';'T';170.50;177.80;182.70;181.60;'Arial';8;0;0;0;0;65535;'D';'';0
'Item.ImporteIva27';'T';170.50;181.80;182.70;185.60;'Arial';8;0;0;0;0;65535;'D';'';0
'Item.ImporteIva28';'T';170.50;185.80;182.70;189.60;'Arial';8;0;0;0;0;65535;'D';'';0
'Item.ImporteIva29';'T';170.50;189.80;182.70;193.60;'Arial';8;0;0;0;0;65535;'D';'';0
'Item.ImporteIva30';'T';170.50;193.80;182.70;197.60;'Arial';8;0;0;0;0;65535;'D';'';0
'Item.ImporteIva31';'T';170.50;197.80;182.70;201.60;'Arial';8;0;0;0;0;65535;'D';'';0
'Item.ImporteIva32';'T';170.50;201.80;182.70;205.60;'Arial';8;0;0;0;0;65535;'D';'';0
'Item.ImporteIva33';'T';170.50;205.80;182.70;209.60;'Arial';8;0;0;0;0;65535;'D';'';0
'Item.ImporteIva34';'T';170.50;209.80;182.70;213.60;'Arial';8;0;0;0;0;65535;'D';'';0
'Item.ImporteIva35';'T';170.50;213.80;182.70;217.60;'Arial';8;0;0;0;0;65535;'D';'';0
'Item.ImporteIva36';'T';170.50;217.80;182.70;221.60;'Arial';8;0;0;0;0;65535;'D';'';0
'Item.ImporteIva37';'T';170.50;221.80;182.70;225.60;'Arial';8;0;0;0;0;65535;'D';'';0
'Item.ImporteIva38';'T';170.50;225.80;182.70;229.60;'Arial';8;0;0;0;0;65535;'D';'';0
'Item.ImporteIva39';'T';170.50;229.80;182.70;233.60;'Arial';8;0;0;0;0;65535;'D';'';0
'Item.Precio';'T';147.10;72.70;163.10;77.70;'Arial';8;0;0;0;0;65535;'C';'Precio';0
'Item.Precio01';'T';147.50;78.10;162.60;81.90;'Arial';8;0;0;0;0;65535;'D';'';0
'Item.Precio02';'T';147.50;82.10;162.60;85.90;'Arial';8;0;0;0;0;65535;'D';'';0
'Item.Precio03';'T';147.50;86.10;162.60;89.90;'Arial';8;0;0;0;0;65535;'D';'';0
'Item.Precio04';'T';147.50;90.10;162.60;93.90;'Arial';8;0;0;0;0;65535;'D';'';0
'Item.Precio05';'T';147.50;94.10;162.60;97.90;'Arial';8;0;0;0;0;65535;'D';'';0
'Item.Precio06';'T';147.50;98.10;162.60;101.90;'Arial';8;0;0;0;0;65535;'D';'';0
'Item.Precio07';'T';147.50;102.10;162.60;105.90;'Arial';8;0;0;0;0;65535;'D';'';0
'Item.Precio08';'T';147.50;106.10;162.60;109.90;'Arial';8;0;0;0;0;65535;'D';'';0
'Item.Precio09';'T';147.50;110.10;162.60;113.90;'Arial';8;0;0;0;0;65535;'D';'';0
'Item.Precio10';'T';147.50;114.10;162.60;117.90;'Arial';8;0;0;0;0;65535;'D';'';0
'Item.Precio11';'T';147.50;118.10;162.60;121.90;'Arial';8;0;0;0;0;65535;'D';'';0
'Item.Precio12';'T';147.50;122.10;162.60;125.90;'Arial';8;0;0;0;0;65535;'D';'';0
'Item.Precio13';'T';147.50;126.10;162.60;129.90;'Arial';8;0;0;0;0;65535;'D';'';0
'Item.Precio14';'T';147.50;130.10;162.60;133.90;'Arial';8;0;0;0;0;65535;'D';'';0
'Item.Precio15';'T';147.50;134.10;162.60;137.90;'Arial';8;0;0;0;0;65535;'D';'';0
'Item.Precio16';'T';147.50;138.10;162.60;141.90;'Arial';8;0;0;0;0;65535;'D';'';0
'Item.Precio17';'T';147.50;142.10;162.60;145.90;'Arial';8;0;0;0;0;65535;'D';'';0
'Item.Precio18';'T';147.50;146.10;162.60;149.90;'Arial';8;0;0;0;0;65535;'D';'';0
'Item.Precio19';'T';147.50;150.10;162.60;153.90;'Arial';8;0;0;0;0;65535;'D';'';0
'Item.Precio20';'T';147.50;154.10;162.60;157.90;'Arial';8;0;0;0;0;65535;'D';'';0
'Item.Precio21';'T';147.50;158.10;162.60;161.90;'Arial';8;0;0;0;0;65535;'D';'';0
'Item.Precio22';'T';147.50;162.10;162.60;165.90;'Arial';8;0;0;0;0;65535;'D';'';0
'Item.Precio23';'T';147.50;166.10;162.60;169.90;'Arial';8;0;0;0;0;65535;'D';'';0
'Item.Precio24';'T';147.50;170.10;162.60;173.90;'Arial';8;0;0;0;0;65535;'D';'';0
'Item.Precio25';'T';147.50;174.10;162.60;177.90;'Arial';8;0;0;0;0;65535;'D';'';0
'Item.Precio26';'T';147.50;178.10;162.60;181.90;'Arial';8;0;0;0;0;65535;'D';'';0
'Item.Precio27';'T';147.50;182.10;162.60;185.90;'Arial';8;0;0;0;0;65535;'D';'';0
'Item.Precio28';'T';147.50;186.10;162.60;189.90;'Arial';8;0;0;0;0;65535;'D';'';0
'Item.Precio29';'T';147.50;190.10;162.60;193.90;'Arial';8;0;0;0;0;65535;'D';'';0
'Item.Precio30';'T';147.50;194.10;162.60;197.90;'Arial';8;0;0;0;0;65535;'D';'';0
'Item.Precio31';'T';147.50;198.10;162.60;201.90;'Arial';8;0;0;0;0;65535;'D';'';0
'Item.Precio32';'T';147.50;202.10;162.60;205.90;'Arial';8;0;0;0;0;65535;'D';'';0
'Item.Precio33';'T';147.50;206.10;162.60;209.90;'Arial';8;0;0;0;0;65535;'D';'';0
'Item.Precio34';'T';147.50;210.10;162.60;213.90;'Arial';8;0;0;0;0;65535;'D';'';0
'Item.Precio35';'T';147.50;214.10;162.60;217.90;'Arial';8;0;0;0;0;65535;'D';'';0
'Item.Precio36';'T';147.50;218.10;162.60;221.90;'Arial';8;0;0;0;0;65535;'D';'';0
'Item.Precio37';'T';147.50;222.10;162.60;225.90;'Arial';8;0;0;0;0;65535;'D';'';0
'Item.Precio38';'T';147.50;226.10;162.60;229.90;'Arial';8;0;0;0;0;65535;'D';'';0
'Item.Precio39';'T';147.50;230.10;162.60;233.90;'Arial';8;0;0;0;0;65535;'D';'';0
'Item.Umed_ds01';'T';34.10;78.10;41.40;81.90;'Arial';8;0;0;0;0;65535;'D';'';0
'Item.Umed_ds02';'T';34.10;82.10;41.40;85.90;'Arial';8;0;0;0;0;65535;'D';'';0
'Item.Umed_ds03';'T';34.10;86.10;41.40;89.90;'Arial';8;0;0;0;0;65535;'D';'';0
'Item.Umed_ds04';'T';34.10;90.10;41.40;93.90;'Arial';8;0;0;0;0;65535;'D';'';0
'Item.Umed_ds05';'T';34.10;94.10;41.40;97.90;'Arial';8;0;0;0;0;65535;'D';'';0
'Item.Umed_ds06';'T';34.10;98.10;41.40;101.90;'Arial';8;0;0;0;0;65535;'D';'';0
'Item.Umed_ds07';'T';34.10;102.10;41.40;105.90;'Arial';8;0;0;0;0;65535;'D';'';0
'Item.Umed_ds08';'T';34.10;106.10;41.40;109.90;'Arial';8;0;0;0;0;65535;'D';'';0
'Item.Umed_ds09';'T';34.10;110.10;41.40;113.90;'Arial';8;0;0;0;0;65535;'D';'';0
'Item.Umed_ds10';'T';34.10;114.10;41.40;117.90;'Arial';8;0;0;0;0;65535;'D';'';0
'Item.Umed_ds11';'T';34.10;118.10;41.40;121.90;'Arial';8;0;0;0;0;65535;'D';'';0
'Item.Umed_ds12';'T';34.10;122.10;41.40;125.90;'Arial';8;0;0;0;0;65535;'D';'';0
'Item.Umed_ds13';'T';34.10;126.10;41.40;129.90;'Arial';8;0;0;0;0;65535;'D';'';0
'Item.Umed_ds14';'T';34.10;130.10;41.40;133.90;'Arial';8;0;0;0;0;65535;'D';'';0
'Item.Umed_ds15';'T';34.10;134.10;41.40;137.90;'Arial';8;0;0;0;0;65535;'D';'';0
'Item.Umed_ds16';'T';34.10;138.10;41.40;141.90;'Arial';8;0;0;0;0;65535;'D';'';0
'Item.Umed_ds17';'T';34.10;142.10;41.40;145.90;'Arial';8;0;0;0;0;65535;'D';'';0
'Item.Umed_ds18';'T';34.10;146.10;41.40;149.90;'Arial';8;0;0;0;0;65535;'D';'';0
'Item.Umed_ds19';'T';34.10;150.10;41.40;153.90;'Arial';8;0;0;0;0;65535;'D';'';0
'Item.Umed_ds20';'T';34.10;154.10;41.40;157.90;'Arial';8;0;0;0;0;65535;'D';'';0
'Item.Umed_ds21';'T';34.10;158.10;41.40;161.90;'Arial';8;0;0;0;0;65535;'D';'';0
'Item.Umed_ds22';'T';34.10;162.10;41.40;165.90;'Arial';8;0;0;0;0;65535;'D';'';0
'Item.Umed_ds23';'T';34.10;166.10;41.40;169.90;'Arial';8;0;0;0;0;65535;'D';'';0
'Item.Umed_ds24';'T';34.10;170.10;41.40;173.90;'Arial';8;0;0;0;0;65535;'D';'';0
'Item.Umed_ds25';'T';34.10;174.10;41.40;177.90;'Arial';8;0;0;0;0;65535;'D';'';0
'Item.Umed_ds26';'T';34.10;178.10;41.40;181.90;'Arial';8;0;0;0;0;65535;'D';'';0
'Item.Umed_ds27';'T';34.10;182.10;41.40;185.90;'Arial';8;0;0;0;0;65535;'D';'';0
'Item.Umed_ds28';'T';34.10;186.10;41.40;189.90;'Arial';8;0;0;0;0;65535;'D';'';0
'Item.Umed_ds29';'T';34.10;190.10;41.40;193.90;'Arial';8;0;0;0;0;65535;'D';'';0
'Item.Umed_ds30';'T';34.10;194.10;41.40;197.90;'Arial';8;0;0;0;0;65535;'D';'';0
'Item.Umed_ds31';'T';34.10;198.10;41.40;201.90;'Arial';8;0;0;0;0;65535;'D';'';0
'Item.Umed_ds32';'T';34.10;202.10;41.40;205.90;'Arial';8;0;0;0;0;65535;'D';'';0
'Item.Umed_ds33';'T';34.10;206.10;41.40;209.90;'Arial';8;0;0;0;0;65535;'D';'';0
'Item.Umed_ds34';'T';34.10;210.10;41.40;213.90;'Arial';8;0;0;0;0;65535;'D';'';0
'Item.Umed_ds35';'T';34.10;214.10;41.40;217.90;'Arial';8;0;0;0;0;65535;'D';'';0
'Item.Umed_ds36';'T';34.10;218.10;41.40;221.90;'Arial';8;0;0;0;0;65535;'D';'';0
'Item.Umed_ds37';'T';34.10;222.10;41.40;225.90;'Arial';8;0;0;0;0;65535;'D';'';0
'Item.Umed_ds38';'T';34.10;226.10;41.40;229.90;'Arial';8;0;0;0;0;65535;'D';'';0
'Item.Umed_ds39';'T';34.10;230.10;41.40;233.90;'Arial';8;0;0;0;0;65535;'D';'';0
'Item.Unidad';'T';31.90;72.70;42.90;77.70;'Arial';8;0;0;0;0;65535;'C';'Unid.';0
'LETRA';'T';97.70;10.70;107.70;12.70;'Arial';16;1;0;0;0;0;'C';'X';2
'Linea.Cantidad';'L';163.10;72.70;163.10;234.90;None;0;0;0;0;0;0;'I';None;3
'Linea.Codigo';'L';33.00;72.70;33.00;235.00;None;0;0;0;0;0;0;'I';None;3
'Linea.Descripcion';'L';146.75;72.90;146.75;235.20;None;0;0;0;0;0;0;'I';None;3
'Linea.Descripcion_copy';'L';135.50;72.70;135.50;235.10;None;0;0;0;0;0;0;'I';None;3
'Linea.Descripcion_copy_copy';'L';122.30;72.90;122.30;235.30;None;0;0;0;0;0;0;'I';None;3
'Linea.Precio';'L';182.90;72.70;182.90;234.90;None;0;0;0;0;0;0;'I';None;3
'Linea.Unidad';'L';42.10;72.80;42.10;235.10;None;0;0;0;0;0;0;'I';None;3
'Linea1';'L';103.10;17.90;103.10;43.10;'Arial';0;0;0;0;0;0;'I';None;3
'Linea2';'L';7.40;43.00;207.40;43.00;None;0;0;0;0;0;0;'I';None;3
'Linea3';'L';7.40;72.70;207.40;72.70;None;0;0;0;0;0;0;'I';None;3
'Linea6';'L';7.50;235.20;207.50;235.20;None;0;0;0;0;0;0;'I';None;3
'Linea9';'L';7.40;77.40;207.40;77.40;None;0;0;0;0;0;0;'I';None;0
'Logo';'I';9.00;9.00;28.60;15.80;None;0;0;0;0;0;0;'I';'plantillas/logo.png';2
'MEMBRETE1';'T';9.20;22.20;101.10;27.40;'Arial';10;0;0;0;0;0;'I';'';2
'MEMBRETE2';'T';9.20;27.50;101.10;32.50;'Arial';10;0;0;0;0;0;'I';'';2
'MEMBRETE3';'T';9.30;32.80;101.20;37.80;'Arial';10;0;0;0;0;0;'I';'';2
'NETO';'T';134.10;235.90;156.30;240.70;'Arial';9;0;0;0;0;0;'D';'';0
'NETO.L';'T';125.70;235.90;133.90;240.70;'Arial';9;0;0;0;0;0;'I';'Neto:';0
'NGRA.L';'T';49.20;236.00;68.80;240.70;'Arial';9;0;0;0;0;0;'I';'No Gravado:';0
'Numero';'T';137.50;19.20;197.50;24.80;'Arial';14;1;0;0;0;0;'I';'0000-00000000';2
'Pagina';'T';150.80;13.20;190.80;17.20;'Arial';8;0;0;0;0;0;'C';'P\xe1gina';2
'Pedido.L';'T';142.50;59.50;158.00;63.50;'Arial';10;0;0;0;0;0;'I';'Pedido:';0
'Periodo.Desde';'T';163.90;63.70;183.90;67.70;'Arial';10.00;0;0;0;0;65535;'I';'01/01/2009';0
'Periodo.Hasta';'T';185.10;63.70;205.10;67.70;'Arial';10.00;0;0;0;0;65535;'I';'31/01/2009';0
'PeriodoFacturadoL';'T';132.70;63.70;160.50;67.70;'Arial';10.00;0;0;0;0;0;'I';'Per\xedodo Facturado';0
'Remito.L';'T';170.60;59.60;185.20;63.60;'Arial';10;0;0;0;0;0;'I';'Remito N\xba:';0
'TOTAL';'T';183.50;280.70;206.60;285.50;'Arial';10;1;0;0;0;65535;'D';None;0
'TipoCBTE';'T';96.70;14.20;108.70;18.70;'Arial';7;1;0;0;0;0;'C';'COD.01';2
'Total.C';'B';182.20;280.00;207.20;286.00;None;0;0;0;0;0;0;'I';None;-1
'Total.L';'T';152.40;280.10;178.00;285.50;'Arial';10;0;0;0;0;0;'I';'Total:';0
'Tributo.Alicuota01';'T';176.10;241.40;187.30;245.40;'Arial';9;0;0;0;0;0;'D';'';0
'Tributo.Alicuota02';'T';176.10;245.60;187.30;249.60;'Arial';9;0;0;0;0;0;'D';'';0
'Tributo.Alicuota03';'T';176.10;249.80;187.30;253.80;'Arial';9;0;0;0;0;0;'D';'';0
'Tributo.Alicuota04';'T';176.10;254.00;187.30;258.00;'Arial';9;0;0;0;0;0;'D';'';0
'Tributo.Descripcion01';'T';153.10;241.40;175.90;245.40;'Arial';9;0;0;0;0;0;'D';'';0
'Tributo.Descripcion02';'T';153.10;245.60;175.90;249.60;'Arial';9;0;0;0;0;0;'D';'';0
'Tributo.Descripcion03';'T';153.10;249.80;175.90;253.80;'Arial';9;0;0;0;0;0;'D';'';0
'Tributo.Descripcion04';'T';153.10;254.00;175.90;258.00;'Arial';9;0;0;0;0;0;'D';'';0
'Tributo.Importe01';'T';187.90;241.30;207.00;245.30;'Arial';9;0;0;0;0;65535;'D';None;0
'Tributo.Importe02';'T';187.90;245.50;207.00;249.50;'Arial';9;0;0;0;0;65535;'D';None;0
'Tributo.Importe03';'T';187.90;249.70;207.00;253.70;'Arial';9;0;0;0;0;65535;'D';None;0
'Tributo.Importe04';'T';187.90;253.90;207.00;257.90;'Arial';9;0;0;0;0;65535;'D';None;0
'Vencimiento';'T';185.10;68.30;205.10;72.30;'Arial';10.00;0;0;0;0;65535;'I';'31/12/2009';0
'VencimientoL';'T';132.70;68.30;179.50;72.30;'Arial';10.00;0;0;0;0;0;'I';'Fecha de Vencimiento de Pago:';0
'copia';'T';115.20;13.20;150.20;17.20;'Arial';8;0;0;0;0;0;'C';'Original';2
'custom-nota1';'T';103.70;274.30;148.80;278.50;'Arial';8;False;False;False;0;16777215;'C';'';0
'custom-nota2';'T';103.70;278.10;149.20;282.30;'Arial';8;False;False;False;0;16777215;'C';'';0
'custom-nota3';'T';103.70;281.90;149.00;286.10;'Arial';8;False;False;False;0;16777215;'C';'';0
'custom-nro-cli';'T';25.90;44.40;43.90;50.40;'Arial';10;0;0;0;0;65535;'I';None;0
'custom-pedido';'T';156.60;59.60;170.00;63.60;'Arial';10;0;0;0;0;65535;'I';'';0
'custom-remito';'T';187.40;59.60;206.60;63.60;'Arial';10;0;0;0;0;0;'I';'';0
'custom-tit-cond-venta';'T';9.10;65.90;40.90;70.90;'Arial';10;0;0;1;0;0;'I';'Forma de Pago:';0
'custom-tit-transporte';'T';8.70;241.70;34.70;245.70;'Arial';9;0;0;0;0;65535;'I';'Transporte:';0
'custom-tot-porc-2.5iva';'T';176.40;258.50;184.40;262.50;'Arial';9;0;0;0;0;0;'D';'';0
'custom-tot-porc-5iva';'T';176.30;262.80;184.30;266.80;'Arial';9;0;0;0;0;0;'D';'';0
'custom-tot-porc-iva';'T';176.30;271.20;184.30;275.40;'Arial';9;0;0;0;0;0;'D';'';0
'custom-tot-porc-iva';'T';176.40;275.10;184.40;279.30;'Arial';9;0;0;0;0;0;'D';'';0
'custom-tot-porc-niva';'T';176.40;266.90;184.40;270.90;'Arial';9;0;0;0;0;0;'D';'';0
'custom-transporte';'T';34.70;241.60;145.30;245.60;'Arial';9;0;0;0;0;65535;'I';'';0
'custom-transporte_copy';'T';8.10;268.80;100.50;272.80;'Arial';6;0;1;0;0;65535;'';'La Administraci\xf3n Federal no se responsabiliza por los datos ingresados en el detalle de la operaci\xf3n';0
'descuento';'T';26.20;236.00;48.60;240.70;'Arial';9;0;0;0;0;0;'D';'';0
'descuento.L';'T';8.70;236.00;27.20;240.70;'Arial';9;0;0;0;0;0;'I';'Descuento:';0
'estado';'T';38.90;262.50;92.10;266.50;'Arial';10;1;1;0;0;65535;'I';'';0
'forma_pago';'T';42.10;66.20;93.90;71.20;'Arial';10;0;0;0;0;0;'I';None;0
'imp_op_ex';'T';102.70;235.90;125.00;240.70;'Arial';9;0;0;0;0;0;'D';'';0
'imp_tot_conc';'T';67.90;236.00;90.20;240.70;'Arial';9;0;0;0;0;0;'D';'';0
'motivos_ds.L';'T';8.30;245.80;145.60;250.60;'Arial';10;0;0;1;0;0;'C';'Observaciones AFIP';0
'motivos_ds1';'T';8.30;250.30;145.60;254.30;'Arial';8;0;1;0;0;0;'I';'';0
'motivos_ds2';'T';8.30;253.30;145.60;257.30;'Arial';8;0;1;0;0;0;'I';'';0
'motivos_ds3';'T';8.30;256.30;145.60;260.30;'Arial';8;0;1;0;0;0;'I';'';0
'subtotal';'T';184.80;235.90;207.10;240.70;'Arial';9;0;0;0;0;0;'D';'';0
'subtotal.L';'T';159.50;235.90;183.70;240.70;'Arial';9;0;0;0;0;0;'I';'Subtotal:';0
