'AFIP';'I';37.48;263.35;64.28;270.75;None;0;0;0;0;0;0;'I';'plantillas/afip.png';2
'AFIP_QR';'I';9.90;261.70;31.90;283.70;None;0;0;0;0;0;0;'I';'plantillas/qr.png';2
'CAE';'T';118.30;265.90;145.40;269.90;'Arial';10;1;0;0;0;0;'I';'61101021770094';0
'CAE.L';'T';101.20;266.00;117.20;270.00;'Arial';10;1;0;0;0;0;'I';'C.A.E. N\xba:';0
'CAE.Vencimiento';'T';118.50;270.30;137.20;274.30;'Arial';10;1;0;0;0;0;'I';'31/12/2010';0
'CAE.Vencimiento.L';'T';90.10;270.30;117.10;274.30;'Arial';10;1;0;0;0;0;'I';'Fecha Vto. CAE:';0
'CUIT';'T';105.40;32.70;156.40;37.70;'Arial';10;0;0;0;0;0;'C';'';2
'Cliente';'T';8.90;44.70;25.10;50.70;'Arial';10;0;0;0;0;0;'I';'Sr.(s):';0
'Cliente.CUIT';'T';100.80;59.60;140.80;64.60;'Arial';10;0;0;0;0;65535;'I';None;0
'Cliente.Domicilio';'T';26.30;49.60;140.40;55.60;'Arial';10;0;0;0;0;65535;'I';None;0
'Cliente.Domicilio.L';'t';9.00;49.80;30.20;55.80;'Arial';10;0;0;0;0;0;'I';'Direcci\xf3n:';0
'Cliente.IVA';'T';26.50;59.60;79.30;64.60;'Arial';10;0;0;0;0;0;'I';None;0
'Cliente.IVA.L';'T';8.90;59.70;27.10;64.70;'Arial';10;0;0;0;0;0;'I';'IVA:';0
'Cliente.Localidad';'T';26.60;54.20;79.20;60.20;'Arial';10;0;0;0;0;65535;'I';None;0
'Cliente.Localidad.L';'T';8.80;54.20;27.80;60.20;'Arial';10;0;0;0;0;0;'I';'Localidad:';0
'Cliente.Nombre';'T';45.60;44.60;116.40;50.60;'Arial';10;0;0;0;0;65535;'I';None;0
'Cliente.Provincia';'T';99.80;54.60;140.80;60.60;'Arial';10;0;0;0;0;0;'I';None;0
'Cliente.Provincia.L';'T';80.80;54.60;99.80;60.60;'Arial';10;0;0;0;0;0;'I';'Provincia:';0
'Cliente.TipoDoc';'T';80.80;59.60;100.80;64.60;'Arial';10;0;0;0;0;0;'I';'CUIT:';0
'Comprobante.N\xba';'T';127.00;19.50;137.00;25.00;'Arial';14;1;0;0;0;0;'I';'N\xba: ';2
'ComprobanteEx.L';'T';110.00;8.60;205.70;13.10;'Arial Black';13;0;0;0;0;0;'C';'FACTURA';2
'Cuadro';'B';7.70;7.80;207.70;286.50;'Arial';0;0;0;0;0;0;'I';None;-3
'CuadroX';'B';98.10;7.80;108.10;18.10;'Arial';0;1;0;0;0;0;'I';None;2
'EMPRESA';'T';9.30;17.00;101.40;22.00;'Arial';12;1;0;0;0;0;'I';'';2
'EXENTO.L';'T';91.20;236.40;104.20;241.10;'Arial';9;0;0;0;0;0;'I';'Exento:';0
'Fecha';'T';146.20;25.20;186.20;31.50;'Arial';12;0;0;0;0;65535;'I';None;0
'Fecha.L';'T';127.00;25.40;144.30;31.30;'Arial';12;0;0;0;0;0;'I';'Fecha:';0
'IIBB';'T';157.40;32.70;205.40;37.70;'Arial';10;0;0;0;0;0;'C';'';2
'INICIO';'T';105.30;38.00;205.50;43.00;'Arial';10;0;0;0;0;0;'I';'';2
'IVA';'T';9.50;37.80;101.40;42.80;'Arial';10;0;0;0;0;0;'I';'';2
'IVA10.5';'T';186.00;267.20;207.10;271.20;'Arial';9;0;0;0;0;65535;'D';None;0
'IVA10.5.L';'T';153.70;267.30;175.00;271.30;'Arial';9;0;0;0;0;0;'I';'I.V.A. 10,5%';0
'IVA2.5';'T';186.00;258.80;207.10;262.80;'Arial';9;0;0;0;0;65535;'D';None;0
'IVA2.5.L';'T';153.70;258.90;175.00;262.90;'Arial';9;0;0;0;0;0;'I';'I.V.A. 2.5%';0
'IVA21';'T';186.00;271.50;207.10;275.50;'Arial';9;0;0;0;0;65535;'D';None;0
'IVA21.L';'T';153.60;271.50;174.90;275.50;'Arial';9;0;0;0;0;0;'I';'I.V.A. 21%';0
'IVA27';'T';186.10;275.60;207.20;279.60;'Arial';9;0;0;0;0;65535;'D';None;0
'IVA27.L';'T';153.70;275.60;175.00;279.60;'Arial';9;0;0;0;0;0;'I';'I.V.A. 27%';0
'IVA5';'T';186.10;263.10;207.20;267.10;'Arial';9;0;0;0;0;65535;'D';None;0
'IVA5.L';'T';153.70;263.10;175.00;267.10;'Arial';9;0;0;0;0;0;'I';'I.V.A. 5%';0
'Item.AlicuotaIVA';'T';163.70;73.10;182.90;78.10;'Arial';8;0;0;0;0;65535;'C';'IVA';0
'Item.AlicuotaIva01';'T';163.50;78.20;171.10;82.00;'Arial';8;0;0;0;0;65535;'D';'';0
'Item.AlicuotaIva02';'T';163.50;82.20;171.10;86.00;'Arial';8;0;0;0;0;65535;'D';'';0
'Item.AlicuotaIva03';'T';163.50;86.20;171.10;90.00;'Arial';8;0;0;0;0;65535;'D';'';0
'Item.AlicuotaIva04';'T';163.50;90.20;171.10;94.00;'Arial';8;0;0;0;0;65535;'D';'';0
'Item.AlicuotaIva05';'T';163.50;94.20;171.10;98.00;'Arial';8;0;0;0;0;65535;'D';'';0
'Item.AlicuotaIva06';'T';163.50;98.20;171.10;102.00;'Arial';8;0;0;0;0;65535;'D';'';0
'Item.AlicuotaIva07';'T';163.50;102.20;171.10;106.00;'Arial';8;0;0;0;0;65535;'D';'';0
'Item.AlicuotaIva08';'T';163.50;106.20;171.10;110.00;'Arial';8;0;0;0;0;65535;'D';'';0
'Item.AlicuotaIva09';'T';163.50;110.20;171.10;114.00;'Arial';8;0;0;0;0;65535;'D';'';0
'Item.AlicuotaIva10';'T';163.50;114.20;171.10;118.00;'Arial';8;0;0;0;0;65535;'D';'';0
'Item.AlicuotaIva11';'T';163.50;118.20;171.10;122.00;'Arial';8;0;0;0;0;65535;'D';'';0
'Item.AlicuotaIva12';'T';163.50;122.20;171.10;126.00;'Arial';8;0;0;0;0;65535;'D';'';0
'Item.AlicuotaIva13';'T';163.50;126.20;171.10;130.00;'Arial';8;0;0;0;0;65535;'D';'';0
'Item.AlicuotaIva14';'T';163.50;130.20;171.10;134.00;'Arial';8;0;0;0;0;65535;'D';'';0
'Item.AlicuotaIva15';'T';163.50;134.20;171.10;138.00;'Arial';8;0;0;0;0;65535;'D';'';0
'Item.AlicuotaIva16';'T';163.50;138.20;171.10;142.00;'Arial';8;0;0;0;0;65535;'D';'';0
'Item.AlicuotaIva17';'T';163.50;142.20;171.10;146.00;'Arial';8;0;0;0;0;65535;'D';'';0
'Item.AlicuotaIva18';'T';163.50;146.20;171.10;150.00;'Arial';8;0;0;0;0;65535;'D';'';0
'Item.AlicuotaIva19';'T';163.50;150.20;171.10;154.00;'Arial';8;0;0;0;0;65535;'D';'';0
'Item.AlicuotaIva20';'T';163.50;154.20;171.10;158.00;'Arial';8;0;0;0;0;65535;'D';'';0
'Item.AlicuotaIva21';'T';163.50;158.20;171.10;162.00;'Arial';8;0;0;0;0;65535;'D';'';0
'Item.AlicuotaIva22';'T';163.50;162.20;171.10;166.00;'Arial';8;0;0;0;0;65535;'D';'';0
'Item.AlicuotaIva23';'T';163.50;166.20;171.10;170.00;'Arial';8;0;0;0;0;65535;'D';'';0
'Item.AlicuotaIva24';'T';163.50;170.20;171.10;174.00;'Arial';8;0;0;0;0;65535;'D';'';0
'Item.AlicuotaIva25';'T';163.50;174.20;171.10;178.00;'Arial';8;0;0;0;0;65535;'D';'';0
'Item.AlicuotaIva26';'T';163.50;178.20;171.10;182.00;'Arial';8;0;0;0;0;65535;'D';'';0
'Item.AlicuotaIva27';'T';163.50;182.20;171.10;186.00;'Arial';8;0;0;0;0;65535;'D';'';0
'Item.AlicuotaIva28';'T';163.50;186.20;171.10;190.00;'Arial';8;0;0;0;0;65535;'D';'';0
'Item.AlicuotaIva29';'T';163.50;190.20;171.10;194.00;'Arial';8;0;0;0;0;65535;'D';'';0
'Item.AlicuotaIva30';'T';163.50;194.20;171.10;198.00;'Arial';8;0;0;0;0;65535;'D';'';0
'Item.AlicuotaIva31';'T';163.50;198.20;171.10;202.00;'Arial';8;0;0;0;0;65535;'D';'';0
'Item.AlicuotaIva32';'T';163.50;202.20;171.10;206.00;'Arial';8;0;0;0;0;65535;'D';'';0
'Item.AlicuotaIva33';'T';163.50;206.20;171.10;210.00;'Arial';8;0;0;0;0;65535;'D';'';0
'Item.AlicuotaIva34';'T';163.50;210.20;171.10;214.00;'Arial';8;0;0;0;0;65535;'D';'';0
'Item.AlicuotaIva35';'T';163.50;214.20;171.10;218.00;'Arial';8;0;0;0;0;65535;'D';'';0
'Item.AlicuotaIva36';'T';163.50;218.20;171.10;222.00;'Arial';8;0;0;0;0;65535;'D';'';0
'Item.AlicuotaIva37';'T';163.50;222.20;171.10;226.00;'Arial';8;0;0;0;0;65535;'D';'';0
'Item.AlicuotaIva38';'T';163.50;226.20;171.10;230.00;'Arial';8;0;0;0;0;65535;'D';'';0
'Item.AlicuotaIva39';'T';163.50;230.20;171.10;234.00;'Arial';8;0;0;0;0;65535;'D';'';0
'Item.Bonif01';'T';136.70;78.40;146.30;82.20;'Arial';8;0;0;0;0;65535;'D';'';0
'Item.Bonif02';'T';136.70;82.40;146.30;86.20;'Arial';8;0;0;0;0;65535;'D';'';0
'Item.Bonif03';'T';136.70;86.40;146.30;90.20;'Arial';8;0;0;0;0;65535;'D';'';0
'Item.Bonif04';'T';136.70;90.40;146.30;94.20;'Arial';8;0;0;0;0;65535;'D';'';0
'Item.Bonif05';'T';136.70;94.40;146.30;98.20;'Arial';8;0;0;0;0;65535;'D';'';0
'Item.Bonif06';'T';136.70;98.40;146.30;102.20;'Arial';8;0;0;0;0;65535;'D';'';0
'Item.Bonif07';'T';136.70;102.40;146.30;106.20;'Arial';8;0;0;0;0;65535;'D';'';0
'Item.Bonif08';'T';136.70;106.40;146.30;110.20;'Arial';8;0;0;0;0;65535;'D';'';0
'Item.Bonif09';'T';136.70;110.40;146.30;114.20;'Arial';8;0;0;0;0;65535;'D';'';0
'Item.Bonif10';'T';136.70;114.40;146.30;118.20;'Arial';8;0;0;0;0;65535;'D';'';0
'Item.Bonif11';'T';136.70;118.40;146.30;122.20;'Arial';8;0;0;0;0;65535;'D';'';0
'Item.Bonif12';'T';136.70;122.40;146.30;126.20;'Arial';8;0;0;0;0;65535;'D';'';0
'Item.Bonif13';'T';136.70;126.40;146.30;130.20;'Arial';8;0;0;0;0;65535;'D';'';0
'Item.Bonif14';'T';136.70;130.40;146.30;134.20;'Arial';8;0;0;0;0;65535;'D';'';0
'Item.Bonif15';'T';136.70;134.40;146.30;138.20;'Arial';8;0;0;0;0;65535;'D';'';0
'Item.Bonif16';'T';136.70;138.40;146.30;142.20;'Arial';8;0;0;0;0;65535;'D';'';0
'Item.Bonif17';'T';136.70;142.40;146.30;146.20;'Arial';8;0;0;0;0;65535;'D';'';0
'Item.Bonif18';'T';136.70;146.40;146.30;150.20;'Arial';8;0;0;0;0;65535;'D';'';0
'Item.Bonif19';'T';136.70;150.40;146.30;154.20;'Arial';8;0;0;0;0;65535;'D';'';0
'Item.Bonif20';'T';136.70;154.40;146.30;158.20;'Arial';8;0;0;0;0;65535;'D';'';0
'Item.Bonif21';'T';136.70;158.40;146.30;162.20;'Arial';8;0;0;0;0;65535;'D';'';0
'Item.Bonif22';'T';136.70;162.40;146.30;166.20;'Arial';8;0;0;0;0;65535;'D';'';0
'Item.Bonif23';'T';136.70;166.40;146.30;170.20;'Arial';8;0;0;0;0;65535;'D';'';0
'Item.Bonif24';'T';136.70;170.40;146.30;174.20;'Arial';8;0;0;0;0;65535;'D';'';0
'Item.Bonif25';'T';136.70;174.40;146.30;178.20;'Arial';8;0;0;0;0;65535;'D';'';0
'Item.Bonif26';'T';136.70;178.40;146.30;182.20;'Arial';8;0;0;0;0;65535;'D';'';0
'Item.Bonif27';'T';136.70;182.40;146.30;186.20;'Arial';8;0;0;0;0;65535;'D';'';0
'Item.Bonif28';'T';136.70;186.40;146.30;190.20;'Arial';8;0;0;0;0;65535;'D';'';0
'Item.Bonif29';'T';136.70;190.40;146.30;194.20;'Arial';8;0;0;0;0;65535;'D';'';0
'Item.Bonif30';'T';136.70;194.40;146.30;198.20;'Arial';8;0;0;0;0;65535;'D';'';0
'Item.Bonif31';'T';136.70;198.40;146.30;202.20;'Arial';8;0;0;0;0;65535;'D';'';0
'Item.Bonif32';'T';136.70;202.40;146.30;206.20;'Arial';8;0;0;0;0;65535;'D';'';0
'Item.Bonif33';'T';136.70;206.40;146.30;210.20;'Arial';8;0;0;0;0;65535;'D';'';0
'Item.Bonif34';'T';136.70;210.40;146.30;214.20;'Arial';8;0;0;0;0;65535;'D';'';0
'Item.Bonif35';'T';136.70;214.40;146.30;218.20;'Arial';8;0;0;0;0;65535;'D';'';0
'Item.Bonif36';'T';136.70;218.40;146.30;222.20;'Arial';8;0;0;0;0;65535;'D';'';0
'Item.Bonif37';'T';136.70;222.40;146.30;226.20;'Arial';8;0;0;0;0;65535;'D';'';0
'Item.Bonif38';'T';136.70;226.40;146.30;230.20;'Arial';8;0;0;0;0;65535;'D';'';0
'Item.Bonif39';'T';136.70;230.40;146.30;234.20;'Arial';8;0;0;0;0;65535;'D';'';0
'Item.Bonificacion';'T';136.10;73.10;146.70;78.10;'Arial';8;0;0;0;0;65535;'C';'Bonif.';0
'Item.Cantidad';'T';122.80;73.20;135.50;78.20;'Arial';8;0;0;0;0;65535;'C';'Cantidad';0
'Item.Cantidad01';'T';123.80;78.40;135.10;82.20;'Arial';8;0;0;0;0;65535;'D';'';0
'Item.Cantidad02';'T';123.80;82.40;135.10;86.20;'Arial';8;0;0;0;0;65535;'D';'';0
'Item.Cantidad03';'T';123.80;86.40;135.10;90.20;'Arial';8;0;0;0;0;65535;'D';'';0
'Item.Cantidad04';'T';123.80;90.40;135.10;94.20;'Arial';8;0;0;0;0;65535;'D';'';0
'Item.Cantidad05';'T';123.80;94.40;135.10;98.20;'Arial';8;0;0;0;0;65535;'D';'';0
'Item.Cantidad06';'T';123.80;98.40;135.10;102.20;'Arial';8;0;0;0;0;65535;'D';'';0
'Item.Cantidad07';'T';123.80;102.40;135.10;106.20;'Arial';8;0;0;0;0;65535;'D';'';0
'Item.Cantidad08';'T';123.80;106.40;135.10;110.20;'Arial';8;0;0;0;0;65535;'D';'';0
'Item.Cantidad09';'T';123.80;110.40;135.10;114.20;'Arial';8;0;0;0;0;65535;'D';'';0
'Item.Cantidad10';'T';123.80;114.40;135.10;118.20;'Arial';8;0;0;0;0;65535;'D';'';0
'Item.Cantidad11';'T';123.80;118.40;135.10;122.20;'Arial';8;0;0;0;0;65535;'D';'';0
'Item.Cantidad12';'T';123.80;122.40;135.10;126.20;'Arial';8;0;0;0;0;65535;'D';'';0
'Item.Cantidad13';'T';123.80;126.40;135.10;130.20;'Arial';8;0;0;0;0;65535;'D';'';0
'Item.Cantidad14';'T';123.80;130.40;135.10;134.20;'Arial';8;0;0;0;0;65535;'D';'';0
'Item.Cantidad15';'T';123.80;134.40;135.10;138.20;'Arial';8;0;0;0;0;65535;'D';'';0
'Item.Cantidad16';'T';123.80;138.40;135.10;142.20;'Arial';8;0;0;0;0;65535;'D';'';0
'Item.Cantidad17';'T';123.80;142.40;135.10;146.20;'Arial';8;0;0;0;0;65535;'D';'';0
'Item.Cantidad18';'T';123.80;146.40;135.10;150.20;'Arial';8;0;0;0;0;65535;'D';'';0
'Item.Cantidad19';'T';123.80;150.40;135.10;154.20;'Arial';8;0;0;0;0;65535;'D';'';0
'Item.Cantidad20';'T';123.80;154.40;135.10;158.20;'Arial';8;0;0;0;0;65535;'D';'';0
'Item.Cantidad21';'T';123.80;158.40;135.10;162.20;'Arial';8;0;0;0;0;65535;'D';'';0
'Item.Cantidad22';'T';123.80;162.40;135.10;166.20;'Arial';8;0;0;0;0;65535;'D';'';0
'Item.Cantidad23';'T';123.80;166.40;135.10;170.20;'Arial';8;0;0;0;0;65535;'D';'';0
'Item.Cantidad24';'T';123.80;170.40;135.10;174.20;'Arial';8;0;0;0;0;65535;'D';'';0
'Item.Cantidad25';'T';123.80;174.40;135.10;178.20;'Arial';8;0;0;0;0;65535;'D';'';0
'Item.Cantidad26';'T';123.80;178.40;135.10;182.20;'Arial';8;0;0;0;0;65535;'D';'';0
'Item.Cantidad27';'T';123.80;182.40;135.10;186.20;'Arial';8;0;0;0;0;65535;'D';'';0
'Item.Cantidad28';'T';123.80;186.40;135.10;190.20;'Arial';8;0;0;0;0;65535;'D';'';0
'Item.Cantidad29';'T';123.80;190.40;135.10;194.20;'Arial';8;0;0;0;0;65535;'D';'';0
'Item.Cantidad30';'T';123.80;194.40;135.10;198.20;'Arial';8;0;0;0;0;65535;'D';'';0
'Item.Cantidad31';'T';123.80;198.40;135.10;202.20;'Arial';8;0;0;0;0;65535;'D';'';0
'Item.Cantidad32';'T';123.80;202.40;135.10;206.20;'Arial';8;0;0;0;0;65535;'D';'';0
'Item.Cantidad33';'T';123.80;206.40;135.10;210.20;'Arial';8;0;0;0;0;65535;'D';'';0
'Item.Cantidad34';'T';123.80;210.40;135.10;214.20;'Arial';8;0;0;0;0;65535;'D';'';0
'Item.Cantidad35';'T';123.80;214.40;135.10;218.20;'Arial';8;0;0;0;0;65535;'D';'';0
'Item.Cantidad36';'T';123.80;218.40;135.10;222.20;'Arial';8;0;0;0;0;65535;'D';'';0
'Item.Cantidad37';'T';123.80;222.40;135.10;226.20;'Arial';8;0;0;0;0;65535;'D';'';0
'Item.Cantidad38';'T';123.80;226.40;135.10;230.20;'Arial';8;0;0;0;0;65535;'D';'';0
'Item.Cantidad39';'T';123.80;230.40;135.10;234.20;'Arial';8;0;0;0;0;65535;'D';'';0
'Item.Codigo';'T';9.00;73.00;33.20;78.00;'Arial';8;0;0;0;0;65535;'C';'Articulo';0
'Item.Codigo01';'T';9.50;78.20;32.60;82.00;'Arial';8;0;0;0;0;65535;'D';'';0
'Item.Codigo02';'T';9.50;82.20;32.60;86.00;'Arial';8;0;0;0;0;65535;'D';'';0
'Item.Codigo03';'T';9.50;86.20;32.60;90.00;'Arial';8;0;0;0;0;65535;'D';'';0
'Item.Codigo04';'T';9.50;90.20;32.60;94.00;'Arial';8;0;0;0;0;65535;'D';'';0
'Item.Codigo05';'T';9.50;94.20;32.60;98.00;'Arial';8;0;0;0;0;65535;'D';'';0
'Item.Codigo06';'T';9.50;98.20;32.60;102.00;'Arial';8;0;0;0;0;65535;'D';'';0
'Item.Codigo07';'T';9.50;102.20;32.60;106.00;'Arial';8;0;0;0;0;65535;'D';'';0
'Item.Codigo08';'T';9.50;106.20;32.60;110.00;'Arial';8;0;0;0;0;65535;'D';'';0
'Item.Codigo09';'T';9.50;110.20;32.60;114.00;'Arial';8;0;0;0;0;65535;'D';'';0
'Item.Codigo10';'T';9.50;114.20;32.60;118.00;'Arial';8;0;0;0;0;65535;'D';'';0
'Item.Codigo11';'T';9.50;118.20;32.60;122.00;'Arial';8;0;0;0;0;65535;'D';'';0
'Item.Codigo12';'T';9.50;122.20;32.60;126.00;'Arial';8;0;0;0;0;65535;'D';'';0
'Item.Codigo13';'T';9.50;126.20;32.60;130.00;'Arial';8;0;0;0;0;65535;'D';'';0
'Item.Codigo14';'T';9.50;130.20;32.60;134.00;'Arial';8;0;0;0;0;65535;'D';'';0
'Item.Codigo15';'T';9.50;134.20;32.60;138.00;'Arial';8;0;0;0;0;65535;'D';'';0
'Item.Codigo16';'T';9.50;138.20;32.60;142.00;'Arial';8;0;0;0;0;65535;'D';'';0
'Item.Codigo17';'T';9.50;142.20;32.60;146.00;'Arial';8;0;0;0;0;65535;'D';'';0
'Item.Codigo18';'T';9.50;146.20;32.60;150.00;'Arial';8;0;0;0;0;65535;'D';'';0
'Item.Codigo19';'T';9.50;150.20;32.60;154.00;'Arial';8;0;0;0;0;65535;'D';'';0
'Item.Codigo20';'T';9.50;154.20;32.60;158.00;'Arial';8;0;0;0;0;65535;'D';'';0
'Item.Codigo21';'T';9.50;158.20;32.60;162.00;'Arial';8;0;0;0;0;65535;'D';'';0
'Item.Codigo22';'T';9.50;162.20;32.60;166.00;'Arial';8;0;0;0;0;65535;'D';'';0
'Item.Codigo23';'T';9.50;166.20;32.60;170.00;'Arial';8;0;0;0;0;65535;'D';'';0
'Item.Codigo24';'T';9.50;170.20;32.60;174.00;'Arial';8;0;0;0;0;65535;'D';'';0
'Item.Codigo25';'T';9.50;174.20;32.60;178.00;'Arial';8;0;0;0;0;65535;'D';'';0
'Item.Codigo26';'T';9.50;178.20;32.60;182.00;'Arial';8;0;0;0;0;65535;'D';'';0
'Item.Codigo27';'T';9.50;182.20;32.60;186.00;'Arial';8;0;0;0;0;65535;'D';'';0
'Item.Codigo28';'T';9.50;186.20;32.60;190.00;'Arial';8;0;0;0;0;65535;'D';'';0
'Item.Codigo29';'T';9.50;190.20;32.60;194.00;'Arial';8;0;0;0;0;65535;'D';'';0
'Item.Codigo30';'T';9.50;194.20;32.60;198.00;'Arial';8;0;0;0;0;65535;'D';'';0
'Item.Codigo31';'T';9.50;198.20;32.60;202.00;'Arial';8;0;0;0;0;65535;'D';'';0
'Item.Codigo32';'T';9.50;202.20;32.60;206.00;'Arial';8;0;0;0;0;65535;'D';'';0
'Item.Codigo33';'T';9.50;206.20;32.60;210.00;'Arial';8;0;0;0;0;65535;'D';'';0
'Item.Codigo34';'T';9.50;210.20;32.60;214.00;'Arial';8;0;0;0;0;65535;'D';'';0
'Item.Codigo35';'T';9.50;214.20;32.60;218.00;'Arial';8;0;0;0;0;65535;'D';'';0
'Item.Codigo36';'T';9.50;218.20;32.60;222.00;'Arial';8;0;0;0;0;65535;'D';'';0
'Item.Codigo37';'T';9.50;222.20;32.60;226.00;'Arial';8;0;0;0;0;65535;'D';'';0
'Item.Codigo38';'T';9.50;226.20;32.60;230.00;'Arial';8;0;0;0;0;65535;'D';'';0
'Item.Codigo39';'T';9.50;230.20;32.60;234.00;'Arial';8;0;0;0;0;65535;'D';'';0
'Item.Dato_A01';'T';106.60;78.30;113.90;82.10;'Arial';8;0;0;0;0;65535;'D';'';0
'Item.Dato_A02';'T';106.60;82.30;113.90;86.10;'Arial';8;0;0;0;0;65535;'D';'';0
'Item.Dato_A03';'T';106.60;86.30;113.90;90.10;'Arial';8;0;0;0;0;65535;'D';'';0
'Item.Dato_A04';'T';106.60;90.30;113.90;94.10;'Arial';8;0;0;0;0;65535;'D';'';0
'Item.Dato_A05';'T';106.60;94.30;113.90;98.10;'Arial';8;0;0;0;0;65535;'D';'';0
'Item.Dato_A06';'T';106.60;98.30;113.90;102.10;'Arial';8;0;0;0;0;65535;'D';'';0
'Item.Dato_A07';'T';106.60;102.30;113.90;106.10;'Arial';8;0;0;0;0;65535;'D';'';0
'Item.Dato_A08';'T';106.60;106.30;113.90;110.10;'Arial';8;0;0;0;0;65535;'D';'';0
'Item.Dato_A09';'T';106.60;110.30;113.90;114.10;'Arial';8;0;0;0;0;65535;'D';'';0
'Item.Dato_A10';'T';106.60;114.30;113.90;118.10;'Arial';8;0;0;0;0;65535;'D';'';0
'Item.Dato_A11';'T';106.60;118.30;113.90;122.10;'Arial';8;0;0;0;0;65535;'D';'';0
'Item.Dato_A12';'T';106.60;122.30;113.90;126.10;'Arial';8;0;0;0;0;65535;'D';'';0
'Item.Dato_A13';'T';106.60;126.30;113.90;130.10;'Arial';8;0;0;0;0;65535;'D';'';0
'Item.Dato_A14';'T';106.60;130.30;113.90;134.10;'Arial';8;0;0;0;0;65535;'D';'';0
'Item.Dato_A15';'T';106.60;134.30;113.90;138.10;'Arial';8;0;0;0;0;65535;'D';'';0
'Item.Dato_A16';'T';106.60;138.30;113.90;142.10;'Arial';8;0;0;0;0;65535;'D';'';0
'Item.Dato_A17';'T';106.60;142.30;113.90;146.10;'Arial';8;0;0;0;0;65535;'D';'';0
'Item.Dato_A18';'T';106.60;146.30;113.90;150.10;'Arial';8;0;0;0;0;65535;'D';'';0
'Item.Dato_A19';'T';106.60;150.30;113.90;154.10;'Arial';8;0;0;0;0;65535;'D';'';0
'Item.Dato_A20';'T';106.60;154.30;113.90;158.10;'Arial';8;0;0;0;0;65535;'D';'';0
'Item.Dato_A21';'T';106.60;158.30;113.90;162.10;'Arial';8;0;0;0;0;65535;'D';'';0
'Item.Dato_A22';'T';106.60;162.30;113.90;166.10;'Arial';8;0;0;0;0;65535;'D';'';0
'Item.Dato_A23';'T';106.60;166.30;113.90;170.10;'Arial';8;0;0;0;0;65535;'D';'';0
'Item.Dato_A24';'T';106.60;170.30;113.90;174.10;'Arial';8;0;0;0;0;65535;'D';'';0
'Item.Dato_A25';'T';106.60;174.30;113.90;178.10;'Arial';8;0;0;0;0;65535;'D';'';0
'Item.Dato_A26';'T';106.60;178.30;113.90;182.10;'Arial';8;0;0;0;0;65535;'D';'';0
'Item.Dato_A27';'T';106.60;182.30;113.90;186.10;'Arial';8;0;0;0;0;65535;'D';'';0
'Item.Dato_A28';'T';106.60;186.30;113.90;190.10;'Arial';8;0;0;0;0;65535;'D';'';0
'Item.Dato_A29';'T';106.60;190.30;113.90;194.10;'Arial';8;0;0;0;0;65535;'D';'';0
'Item.Dato_A30';'T';106.60;194.30;113.90;198.10;'Arial';8;0;0;0;0;65535;'D';'';0
'Item.Dato_A31';'T';106.60;198.30;113.90;202.10;'Arial';8;0;0;0;0;65535;'D';'';0
'Item.Dato_A32';'T';106.60;202.30;113.90;206.10;'Arial';8;0;0;0;0;65535;'D';'';0
'Item.Dato_A33';'T';106.60;206.30;113.90;210.10;'Arial';8;0;0;0;0;65535;'D';'';0
'Item.Dato_A34';'T';106.60;210.30;113.90;214.10;'Arial';8;0;0;0;0;65535;'D';'';0
'Item.Dato_A35';'T';106.60;214.30;113.90;218.10;'Arial';8;0;0;0;0;65535;'D';'';0
'Item.Dato_A36';'T';106.60;218.30;113.90;222.10;'Arial';8;0;0;0;0;65535;'D';'';0
'Item.Dato_A37';'T';106.60;222.30;113.90;226.10;'Arial';8;0;0;0;0;65535;'D';'';0
'Item.Dato_A38';'T';106.60;226.30;113.90;230.10;'Arial';8;0;0;0;0;65535;'D';'';0
'Item.Dato_A39';'T';106.60;230.30;113.90;234.10;'Arial';8;0;0;0;0;65535;'D';'';0
'Item.Dato_B01';'T';114.10;78.40;121.90;82.20;'Arial';8;0;0;0;0;65535;'D';'';0
'Item.Dato_B02';'T';114.30;82.40;122.10;86.20;'Arial';8;0;0;0;0;65535;'D';'';0
'Item.Dato_B03';'T';114.30;86.40;122.10;90.20;'Arial';8;0;0;0;0;65535;'D';'';0
'Item.Dato_B04';'T';114.30;90.40;122.10;94.20;'Arial';8;0;0;0;0;65535;'D';'';0
'Item.Dato_B05';'T';114.30;94.40;122.10;98.20;'Arial';8;0;0;0;0;65535;'D';'';0
'Item.Dato_B06';'T';114.30;98.40;122.10;102.20;'Arial';8;0;0;0;0;65535;'D';'';0
'Item.Dato_B07';'T';114.30;102.40;122.10;106.20;'Arial';8;0;0;0;0;65535;'D';'';0
'Item.Dato_B08';'T';114.30;106.40;122.10;110.20;'Arial';8;0;0;0;0;65535;'D';'';0
'Item.Dato_B09';'T';114.30;110.40;122.10;114.20;'Arial';8;0;0;0;0;65535;'D';'';0
'Item.Dato_B10';'T';114.30;114.40;122.10;118.20;'Arial';8;0;0;0;0;65535;'D';'';0
'Item.Dato_B11';'T';114.30;118.40;122.10;122.20;'Arial';8;0;0;0;0;65535;'D';'';0
'Item.Dato_B12';'T';114.30;122.40;122.10;126.20;'Arial';8;0;0;0;0;65535;'D';'';0
'Item.Dato_B13';'T';114.30;126.40;122.10;130.20;'Arial';8;0;0;0;0;65535;'D';'';0
'Item.Dato_B14';'T';114.30;130.40;122.10;134.20;'Arial';8;0;0;0;0;65535;'D';'';0
'Item.Dato_B15';'T';114.30;134.40;122.10;138.20;'Arial';8;0;0;0;0;65535;'D';'';0
'Item.Dato_B16';'T';114.30;138.40;122.10;142.20;'Arial';8;0;0;0;0;65535;'D';'';0
'Item.Dato_B17';'T';114.30;142.40;122.10;146.20;'Arial';8;0;0;0;0;65535;'D';'';0
'Item.Dato_B18';'T';114.30;146.40;122.10;150.20;'Arial';8;0;0;0;0;65535;'D';'';0
'Item.Dato_B19';'T';114.30;150.40;122.10;154.20;'Arial';8;0;0;0;0;65535;'D';'';0
'Item.Dato_B20';'T';114.30;154.40;122.10;158.20;'Arial';8;0;0;0;0;65535;'D';'';0
'Item.Dato_B21';'T';114.30;158.40;122.10;162.20;'Arial';8;0;0;0;0;65535;'D';'';0
'Item.Dato_B22';'T';114.30;162.40;122.10;166.20;'Arial';8;0;0;0;0;65535;'D';'';0
'Item.Dato_B23';'T';114.30;166.40;122.10;170.20;'Arial';8;0;0;0;0;65535;'D';'';0
'Item.Dato_B24';'T';114.30;170.40;122.10;174.20;'Arial';8;0;0;0;0;65535;'D';'';0
'Item.Dato_B25';'T';114.30;174.40;122.10;178.20;'Arial';8;0;0;0;0;65535;'D';'';0
'Item.Dato_B26';'T';114.30;178.40;122.10;182.20;'Arial';8;0;0;0;0;65535;'D';'';0
'Item.Dato_B27';'T';114.30;182.40;122.10;186.20;'Arial';8;0;0;0;0;65535;'D';'';0
'Item.Dato_B28';'T';114.30;186.40;122.10;190.20;'Arial';8;0;0;0;0;65535;'D';'';0
'Item.Dato_B29';'T';114.30;190.40;122.10;194.20;'Arial';8;0;0;0;0;65535;'D';'';0
'Item.Dato_B30';'T';114.30;194.40;122.10;198.20;'Arial';8;0;0;0;0;65535;'D';'';0
'Item.Dato_B31';'T';114.30;198.40;122.10;202.20;'Arial';8;0;0;0;0;65535;'D';'';0
'Item.Dato_B32';'T';114.30;202.40;122.10;206.20;'Arial';8;0;0;0;0;65535;'D';'';0
'Item.Dato_B33';'T';114.30;206.40;122.10;210.20;'Arial';8;0;0;0;0;65535;'D';'';0
'Item.Dato_B34';'T';114.30;210.40;122.10;214.20;'Arial';8;0;0;0;0;65535;'D';'';0
'Item.Dato_B35';'T';114.30;214.40;122.10;218.20;'Arial';8;0;0;0;0;65535;'D';'';0
'Item.Dato_B36';'T';114.30;218.40;122.10;222.20;'Arial';8;0;0;0;0;65535;'D';'';0
'Item.Dato_B37';'T';114.30;222.40;122.10;226.20;'Arial';8;0;0;0;0;65535;'D';'';0
'Item.Dato_B38';'T';114.30;226.40;122.10;230.20;'Arial';8;0;0;0;0;65535;'D';'';0
'Item.Dato_B39';'T';114.30;230.40;122.10;234.20;'Arial';8;0;0;0;0;65535;'D';'';0
'Item.Descripcion';'T';43.00;73.10;121.70;78.10;'Arial';8;0;0;0;0;65535;'C';'Descripci\xf3n';0
'Item.Descripcion01';'T';43.80;78.00;106.10;82.00;'Arial';8;0;0;0;0;65535;'I';'';0
'Item.Descripcion02';'T';43.80;82.00;106.10;86.00;'Arial';8;0;0;0;0;65535;'I';'';0
'Item.Descripcion03';'T';43.80;86.00;106.10;90.00;'Arial';8;0;0;0;0;65535;'I';'';0
'Item.Descripcion04';'T';43.80;90.00;106.10;94.00;'Arial';8;0;0;0;0;65535;'I';'';0
'Item.Descripcion05';'T';43.80;94.00;106.10;98.00;'Arial';8;0;0;0;0;65535;'I';'';0
'Item.Descripcion06';'T';43.80;98.00;106.10;102.00;'Arial';8;0;0;0;0;65535;'I';'';0
'Item.Descripcion07';'T';43.80;102.00;106.10;106.00;'Arial';8;0;0;0;0;65535;'I';'';0
'Item.Descripcion08';'T';43.80;106.00;106.10;110.00;'Arial';8;0;0;0;0;65535;'I';'';0
'Item.Descripcion09';'T';43.80;110.00;106.10;114.00;'Arial';8;0;0;0;0;65535;'I';'';0
'Item.Descripcion10';'T';43.80;114.00;106.10;118.00;'Arial';8;0;0;0;0;65535;'I';'';0
'Item.Descripcion11';'T';43.80;118.00;106.10;122.00;'Arial';8;0;0;0;0;65535;'I';'';0
'Item.Descripcion12';'T';43.80;122.00;106.10;126.00;'Arial';8;0;0;0;0;65535;'I';'';0
'Item.Descripcion13';'T';43.80;126.00;106.10;130.00;'Arial';8;0;0;0;0;65535;'I';'';0
'Item.Descripcion14';'T';43.80;130.00;106.10;134.00;'Arial';8;0;0;0;0;65535;'I';'';0
'Item.Descripcion15';'T';43.80;134.00;106.10;138.00;'Arial';8;0;0;0;0;65535;'I';'';0
'Item.Descripcion16';'T';43.80;138.00;106.10;142.00;'Arial';8;0;0;0;0;65535;'I';'';0
'Item.Descripcion17';'T';43.80;142.00;106.10;146.00;'Arial';8;0;0;0;0;65535;'I';'';0
'Item.Descripcion18';'T';43.80;146.00;106.10;150.00;'Arial';8;0;0;0;0;65535;'I';'';0
'Item.Descripcion19';'T';43.80;150.00;106.10;154.00;'Arial';8;0;0;0;0;65535;'I';'';0
'Item.Descripcion20';'T';43.80;154.00;106.10;158.00;'Arial';8;0;0;0;0;65535;'I';'';0
'Item.Descripcion21';'T';43.80;158.00;106.10;162.00;'Arial';8;0;0;0;0;65535;'I';'';0
'Item.Descripcion22';'T';43.80;162.00;106.10;166.00;'Arial';8;0;0;0;0;65535;'I';'';0
'Item.Descripcion23';'T';43.80;166.00;106.10;170.00;'Arial';8;0;0;0;0;65535;'I';'';0
'Item.Descripcion24';'T';43.80;170.00;106.10;174.00;'Arial';8;0;0;0;0;65535;'I';'';0
'Item.Descripcion25';'T';43.80;174.00;106.10;178.00;'Arial';8;0;0;0;0;65535;'I';'';0
'Item.Descripcion26';'T';43.80;178.00;106.10;182.00;'Arial';8;0;0;0;0;65535;'I';'';0
'Item.Descripcion27';'T';43.80;182.00;106.10;186.00;'Arial';8;0;0;0;0;65535;'I';'';0
'Item.Descripcion28';'T';43.80;186.00;106.10;190.00;'Arial';8;0;0;0;0;65535;'I';'';0
'Item.Descripcion29';'T';43.80;190.00;106.10;194.00;'Arial';8;0;0;0;0;65535;'I';'';0
'Item.Descripcion30';'T';43.80;194.00;106.10;198.00;'Arial';8;0;0;0;0;65535;'I';'';0
'Item.Descripcion31';'T';43.80;198.00;106.10;202.00;'Arial';8;0;0;0;0;65535;'I';'';0
'Item.Descripcion32';'T';43.80;202.00;106.10;206.00;'Arial';8;0;0;0;0;65535;'I';'';0
'Item.Descripcion33';'T';43.80;206.00;106.10;210.00;'Arial';8;0;0;0;0;65535;'I';'';0
'Item.Descripcion34';'T';43.80;210.00;106.10;214.00;'Arial';8;0;0;0;0;65535;'I';'';0
'Item.Descripcion35';'T';43.80;214.00;106.10;218.00;'Arial';8;0;0;0;0;65535;'I';'';0
'Item.Descripcion36';'T';43.80;218.00;106.10;222.00;'Arial';8;0;0;0;0;65535;'I';'';0
'Item.Descripcion37';'T';43.80;222.00;106.10;226.00;'Arial';8;0;0;0;0;65535;'I';'';0
'Item.Descripcion38';'T';43.80;226.00;106.10;230.00;'Arial';8;0;0;0;0;65535;'I';'';0
'Item.Descripcion39';'T';43.80;230.00;106.10;234.00;'Arial';8;0;0;0;0;65535;'I';'';0
'Item.Importe';'T';184.00;73.00;206.50;78.00;'Arial';8;0;0;0;0;65535;'C';'Importe';0
'Item.Importe01';'T';184.30;78.20;207.30;82.00;'Arial';8;0;0;0;0;65535;'D';'';0
'Item.Importe02';'T';184.30;82.20;207.30;86.00;'Arial';8;0;0;0;0;65535;'D';'';0
'Item.Importe03';'T';184.30;86.20;207.30;90.00;'Arial';8;0;0;0;0;65535;'D';'';0
'Item.Importe04';'T';184.30;90.20;207.30;94.00;'Arial';8;0;0;0;0;65535;'D';'';0
'Item.Importe05';'T';184.30;94.20;207.30;98.00;'Arial';8;0;0;0;0;65535;'D';'';0
'Item.Importe06';'T';184.30;98.20;207.30;102.00;'Arial';8;0;0;0;0;65535;'D';'';0
'Item.Importe07';'T';184.30;102.20;207.30;106.00;'Arial';8;0;0;0;0;65535;'D';'';0
'Item.Importe08';'T';184.30;106.20;207.30;110.00;'Arial';8;0;0;0;0;65535;'D';'';0
'Item.Importe09';'T';184.30;110.20;207.30;114.00;'Arial';8;0;0;0;0;65535;'D';'';0
'Item.Importe10';'T';184.30;114.20;207.30;118.00;'Arial';8;0;0;0;0;65535;'D';'';0
'Item.Importe11';'T';184.30;118.20;207.30;122.00;'Arial';8;0;0;0;0;65535;'D';'';0
'Item.Importe12';'T';184.30;122.20;207.30;126.00;'Arial';8;0;0;0;0;65535;'D';'';0
'Item.Importe13';'T';184.30;126.20;207.30;130.00;'Arial';8;0;0;0;0;65535;'D';'';0
'Item.Importe14';'T';184.30;130.20;207.30;134.00;'Arial';8;0;0;0;0;65535;'D';'';0
'Item.Importe15';'T';184.30;134.20;207.30;138.00;'Arial';8;0;0;0;0;65535;'D';'';0
'Item.Importe16';'T';184.30;138.20;207.30;142.00;'Arial';8;0;0;0;0;65535;'D';'';0
'Item.Importe17';'T';184.30;142.20;207.30;146.00;'Arial';8;0;0;0;0;65535;'D';'';0
'Item.Importe18';'T';184.30;146.20;207.30;150.00;'Arial';8;0;0;0;0;65535;'D';'';0
'Item.Importe19';'T';184.30;150.20;207.30;154.00;'Arial';8;0;0;0;0;65535;'D';'';0
'Item.Importe20';'T';184.30;154.20;207.30;158.00;'Arial';8;0;0;0;0;65535;'D';'';0
'Item.Importe21';'T';184.30;158.20;207.30;162.00;'Arial';8;0;0;0;0;65535;'D';'';0
'Item.Importe22';'T';184.30;162.20;207.30;166.00;'Arial';8;0;0;0;0;65535;'D';'';0
'Item.Importe23';'T';184.30;166.20;207.30;170.00;'Arial';8;0;0;0;0;65535;'D';'';0
'Item.Importe24';'T';184.30;170.20;207.30;174.00;'Arial';8;0;0;0;0;65535;'D';'';0
'Item.Importe25';'T';184.30;174.20;207.30;178.00;'Arial';8;0;0;0;0;65535;'D';'';0
'Item.Importe26';'T';184.30;178.20;207.30;182.00;'Arial';8;0;0;0;0;65535;'D';'';0
'Item.Importe27';'T';184.30;182.20;207.30;186.00;'Arial';8;0;0;0;0;65535;'D';'';0
'Item.Importe28';'T';184.30;186.20;207.30;190.00;'Arial';8;0;0;0;0;65535;'D';'';0
'Item.Importe29';'T';184.30;190.20;207.30;194.00;'Arial';8;0;0;0;0;65535;'D';'';0
'Item.Importe30';'T';184.30;194.20;207.30;198.00;'Arial';8;0;0;0;0;65535;'D';'';0
'Item.Importe31';'T';184.30;198.20;207.30;202.00;'Arial';8;0;0;0;0;65535;'D';'';0
'Item.Importe32';'T';184.30;202.20;207.30;206.00;'Arial';8;0;0;0;0;65535;'D';'';0
'Item.Importe33';'T';184.30;206.20;207.30;210.00;'Arial';8;0;0;0;0;65535;'D';'';0
'Item.Importe34';'T';184.30;210.20;207.30;214.00;'Arial';8;0;0;0;0;65535;'D';'';0
'Item.Importe35';'T';184.30;214.20;207.30;218.00;'Arial';8;0;0;0;0;65535;'D';'';0
'Item.Importe36';'T';184.30;218.20;207.30;222.00;'Arial';8;0;0;0;0;65535;'D';'';0
'Item.Importe37';'T';184.30;222.20;207.30;226.00;'Arial';8;0;0;0;0;65535;'D';'';0
'Item.Importe38';'T';184.30;226.20;207.30;230.00;'Arial';8;0;0;0;0;65535;'D';'';0
'Item.Importe39';'T';184.30;230.20;207.30;234.00;'Arial';8;0;0;0;0;65535;'D';'';0
'Item.ImporteIva01';'T';170.80;78.10;183.00;81.90;'Arial';8;0;0;0;0;65535;'D';'';0
'Item.ImporteIva02';'T';170.80;82.10;183.00;85.90;'Arial';8;0;0;0;0;65535;'D';'';0
'Item.ImporteIva03';'T';170.80;86.10;183.00;89.90;'Arial';8;0;0;0;0;65535;'D';'';0
'Item.ImporteIva04';'T';170.80;90.10;183.00;93.90;'Arial';8;0;0;0;0;65535;'D';'';0
'Item.ImporteIva05';'T';170.80;94.10;183.00;97.90;'Arial';8;0;0;0;0;65535;'D';'';0
'Item.ImporteIva06';'T';170.80;98.10;183.00;101.90;'Arial';8;0;0;0;0;65535;'D';'';0
'Item.ImporteIva07';'T';170.80;102.10;183.00;105.90;'Arial';8;0;0;0;0;65535;'D';'';0
'Item.ImporteIva08';'T';170.80;106.10;183.00;109.90;'Arial';8;0;0;0;0;65535;'D';'';0
'Item.ImporteIva09';'T';170.80;110.10;183.00;113.90;'Arial';8;0;0;0;0;65535;'D';'';0
'Item.ImporteIva10';'T';170.80;114.10;183.00;117.90;'Arial';8;0;0;0;0;65535;'D';'';0
'Item.ImporteIva11';'T';170.80;118.10;183.00;121.90;'Arial';8;0;0;0;0;65535;'D';'';0
'Item.ImporteIva12';'T';170.80;122.10;183.00;125.90;'Arial';8;0;0;0;0;65535;'D';'';0
'Item.ImporteIva13';'T';170.80;126.10;183.00;129.90;'Arial';8;0;0;0;0;65535;'D';'';0
'Item.ImporteIva14';'T';170.80;130.10;183.00;133.90;'Arial';8;0;0;0;0;65535;'D';'';0
'Item.ImporteIva15';'T';170.80;134.10;183.00;137.90;'Arial';8;0;0;0;0;65535;'D';'';0
'Item.ImporteIva16';'T';170.80;138.10;183.00;141.90;'Arial';8;0;0;0;0;65535;'D';'';0
'Item.ImporteIva17';'T';170.80;142.10;183.00;145.90;'Arial';8;0;0;0;0;65535;'D';'';0
'Item.ImporteIva18';'T';170.80;146.10;183.00;149.90;'Arial';8;0;0;0;0;65535;'D';'';0
'Item.ImporteIva19';'T';170.80;150.10;183.00;153.90;'Arial';8;0;0;0;0;65535;'D';'';0
'Item.ImporteIva20';'T';170.80;154.10;183.00;157.90;'Arial';8;0;0;0;0;65535;'D';'';0
'Item.ImporteIva21';'T';170.80;158.10;183.00;161.90;'Arial';8;0;0;0;0;65535;'D';'';0
'Item.ImporteIva22';'T';170.80;162.10;183.00;165.90;'Arial';8;0;0;0;0;65535;'D';'';0
'Item.ImporteIva23';'T';170.80;166.10;183.00;169.90;'Arial';8;0;0;0;0;65535;'D';'';0
'Item.ImporteIva24';'T';170.80;170.10;183.00;173.90;'Arial';8;0;0;0;0;65535;'D';'';0
'Item.ImporteIva25';'T';170.80;174.10;183.00;177.90;'Arial';8;0;0;0;0;65535;'D';'';0
'Item.ImporteIva26';'T';170.80;178.10;183.00;181.90;'Arial';8;0;0;0;0;65535;'D';'';0
'Item.ImporteIva27';'T';170.80;182.10;183.00;185.90;'Arial';8;0;0;0;0;65535;'D';'';0
'Item.ImporteIva28';'T';170.80;186.10;183.00;189.90;'Arial';8;0;0;0;0;65535;'D';'';0
'Item.ImporteIva29';'T';170.80;190.10;183.00;193.90;'Arial';8;0;0;0;0;65535;'D';'';0
'Item.ImporteIva30';'T';170.80;194.10;183.00;197.90;'Arial';8;0;0;0;0;65535;'D';'';0
'Item.ImporteIva31';'T';170.80;198.10;183.00;201.90;'Arial';8;0;0;0;0;65535;'D';'';0
'Item.ImporteIva32';'T';170.80;202.10;183.00;205.90;'Arial';8;0;0;0;0;65535;'D';'';0
'Item.ImporteIva33';'T';170.80;206.10;183.00;209.90;'Arial';8;0;0;0;0;65535;'D';'';0
'Item.ImporteIva34';'T';170.80;210.10;183.00;213.90;'Arial';8;0;0;0;0;65535;'D';'';0
'Item.ImporteIva35';'T';170.80;214.10;183.00;217.90;'Arial';8;0;0;0;0;65535;'D';'';0
'Item.ImporteIva36';'T';170.80;218.10;183.00;221.90;'Arial';8;0;0;0;0;65535;'D';'';0
'Item.ImporteIva37';'T';170.80;222.10;183.00;225.90;'Arial';8;0;0;0;0;65535;'D';'';0
'Item.ImporteIva38';'T';170.80;226.10;183.00;229.90;'Arial';8;0;0;0;0;65535;'D';'';0
'Item.ImporteIva39';'T';170.80;230.10;183.00;233.90;'Arial';8;0;0;0;0;65535;'D';'';0
'Item.Precio';'T';147.40;73.00;163.40;78.00;'Arial';8;0;0;0;0;65535;'C';'Precio';0
'Item.Precio01';'T';147.80;78.40;162.90;82.20;'Arial';8;0;0;0;0;65535;'D';'';0
'Item.Precio02';'T';147.80;82.40;162.90;86.20;'Arial';8;0;0;0;0;65535;'D';'';0
'Item.Precio03';'T';147.80;86.40;162.90;90.20;'Arial';8;0;0;0;0;65535;'D';'';0
'Item.Precio04';'T';147.80;90.40;162.90;94.20;'Arial';8;0;0;0;0;65535;'D';'';0
'Item.Precio05';'T';147.80;94.40;162.90;98.20;'Arial';8;0;0;0;0;65535;'D';'';0
'Item.Precio06';'T';147.80;98.40;162.90;102.20;'Arial';8;0;0;0;0;65535;'D';'';0
'Item.Precio07';'T';147.80;102.40;162.90;106.20;'Arial';8;0;0;0;0;65535;'D';'';0
'Item.Precio08';'T';147.80;106.40;162.90;110.20;'Arial';8;0;0;0;0;65535;'D';'';0
'Item.Precio09';'T';147.80;110.40;162.90;114.20;'Arial';8;0;0;0;0;65535;'D';'';0
'Item.Precio10';'T';147.80;114.40;162.90;118.20;'Arial';8;0;0;0;0;65535;'D';'';0
'Item.Precio11';'T';147.80;118.40;162.90;122.20;'Arial';8;0;0;0;0;65535;'D';'';0
'Item.Precio12';'T';147.80;122.40;162.90;126.20;'Arial';8;0;0;0;0;65535;'D';'';0
'Item.Precio13';'T';147.80;126.40;162.90;130.20;'Arial';8;0;0;0;0;65535;'D';'';0
'Item.Precio14';'T';147.80;130.40;162.90;134.20;'Arial';8;0;0;0;0;65535;'D';'';0
'Item.Precio15';'T';147.80;134.40;162.90;138.20;'Arial';8;0;0;0;0;65535;'D';'';0
'Item.Precio16';'T';147.80;138.40;162.90;142.20;'Arial';8;0;0;0;0;65535;'D';'';0
'Item.Precio17';'T';147.80;142.40;162.90;146.20;'Arial';8;0;0;0;0;65535;'D';'';0
'Item.Precio18';'T';147.80;146.40;162.90;150.20;'Arial';8;0;0;0;0;65535;'D';'';0
'Item.Precio19';'T';147.80;150.40;162.90;154.20;'Arial';8;0;0;0;0;65535;'D';'';0
'Item.Precio20';'T';147.80;154.40;162.90;158.20;'Arial';8;0;0;0;0;65535;'D';'';0
'Item.Precio21';'T';147.80;158.40;162.90;162.20;'Arial';8;0;0;0;0;65535;'D';'';0
'Item.Precio22';'T';147.80;162.40;162.90;166.20;'Arial';8;0;0;0;0;65535;'D';'';0
'Item.Precio23';'T';147.80;166.40;162.90;170.20;'Arial';8;0;0;0;0;65535;'D';'';0
'Item.Precio24';'T';147.80;170.40;162.90;174.20;'Arial';8;0;0;0;0;65535;'D';'';0
'Item.Precio25';'T';147.80;174.40;162.90;178.20;'Arial';8;0;0;0;0;65535;'D';'';0
'Item.Precio26';'T';147.80;178.40;162.90;182.20;'Arial';8;0;0;0;0;65535;'D';'';0
'Item.Precio27';'T';147.80;182.40;162.90;186.20;'Arial';8;0;0;0;0;65535;'D';'';0
'Item.Precio28';'T';147.80;186.40;162.90;190.20;'Arial';8;0;0;0;0;65535;'D';'';0
'Item.Precio29';'T';147.80;190.40;162.90;194.20;'Arial';8;0;0;0;0;65535;'D';'';0
'Item.Precio30';'T';147.80;194.40;162.90;198.20;'Arial';8;0;0;0;0;65535;'D';'';0
'Item.Precio31';'T';147.80;198.40;162.90;202.20;'Arial';8;0;0;0;0;65535;'D';'';0
'Item.Precio32';'T';147.80;202.40;162.90;206.20;'Arial';8;0;0;0;0;65535;'D';'';0
'Item.Precio33';'T';147.80;206.40;162.90;210.20;'Arial';8;0;0;0;0;65535;'D';'';0
'Item.Precio34';'T';147.80;210.40;162.90;214.20;'Arial';8;0;0;0;0;65535;'D';'';0
'Item.Precio35';'T';147.80;214.40;162.90;218.20;'Arial';8;0;0;0;0;65535;'D';'';0
'Item.Precio36';'T';147.80;218.40;162.90;222.20;'Arial';8;0;0;0;0;65535;'D';'';0
'Item.Precio37';'T';147.80;222.40;162.90;226.20;'Arial';8;0;0;0;0;65535;'D';'';0
'Item.Precio38';'T';147.80;226.40;162.90;230.20;'Arial';8;0;0;0;0;65535;'D';'';0
'Item.Precio39';'T';147.80;230.40;162.90;234.20;'Arial';8;0;0;0;0;65535;'D';'';0
'Item.Umed_ds01';'T';34.40;78.40;41.70;82.20;'Arial';8;0;0;0;0;65535;'D';'';0
'Item.Umed_ds02';'T';34.40;82.40;41.70;86.20;'Arial';8;0;0;0;0;65535;'D';'';0
'Item.Umed_ds03';'T';34.40;86.40;41.70;90.20;'Arial';8;0;0;0;0;65535;'D';'';0
'Item.Umed_ds04';'T';34.40;90.40;41.70;94.20;'Arial';8;0;0;0;0;65535;'D';'';0
'Item.Umed_ds05';'T';34.40;94.40;41.70;98.20;'Arial';8;0;0;0;0;65535;'D';'';0
'Item.Umed_ds06';'T';34.40;98.40;41.70;102.20;'Arial';8;0;0;0;0;65535;'D';'';0
'Item.Umed_ds07';'T';34.40;102.40;41.70;106.20;'Arial';8;0;0;0;0;65535;'D';'';0
'Item.Umed_ds08';'T';34.40;106.40;41.70;110.20;'Arial';8;0;0;0;0;65535;'D';'';0
'Item.Umed_ds09';'T';34.40;110.40;41.70;114.20;'Arial';8;0;0;0;0;65535;'D';'';0
'Item.Umed_ds10';'T';34.40;114.40;41.70;118.20;'Arial';8;0;0;0;0;65535;'D';'';0
'Item.Umed_ds11';'T';34.40;118.40;41.70;122.20;'Arial';8;0;0;0;0;65535;'D';'';0
'Item.Umed_ds12';'T';34.40;122.40;41.70;126.20;'Arial';8;0;0;0;0;65535;'D';'';0
'Item.Umed_ds13';'T';34.40;126.40;41.70;130.20;'Arial';8;0;0;0;0;65535;'D';'';0
'Item.Umed_ds14';'T';34.40;130.40;41.70;134.20;'Arial';8;0;0;0;0;65535;'D';'';0
'Item.Umed_ds15';'T';34.40;134.40;41.70;138.20;'Arial';8;0;0;0;0;65535;'D';'';0
'Item.Umed_ds16';'T';34.40;138.40;41.70;142.20;'Arial';8;0;0;0;0;65535;'D';'';0
'Item.Umed_ds17';'T';34.40;142.40;41.70;146.20;'Arial';8;0;0;0;0;65535;'D';'';0
'Item.Umed_ds18';'T';34.40;146.40;41.70;150.20;'Arial';8;0;0;0;0;65535;'D';'';0
'Item.Umed_ds19';'T';34.40;150.40;41.70;154.20;'Arial';8;0;0;0;0;65535;'D';'';0
'Item.Umed_ds20';'T';34.40;154.40;41.70;158.20;'Arial';8;0;0;0;0;65535;'D';'';0
'Item.Umed_ds21';'T';34.40;158.40;41.70;162.20;'Arial';8;0;0;0;0;65535;'D';'';0
'Item.Umed_ds22';'T';34.40;162.40;41.70;166.20;'Arial';8;0;0;0;0;65535;'D';'';0
'Item.Umed_ds23';'T';34.40;166.40;41.70;170.20;'Arial';8;0;0;0;0;65535;'D';'';0
'Item.Umed_ds24';'T';34.40;170.40;41.70;174.20;'Arial';8;0;0;0;0;65535;'D';'';0
'Item.Umed_ds25';'T';34.40;174.40;41.70;178.20;'Arial';8;0;0;0;0;65535;'D';'';0
'Item.Umed_ds26';'T';34.40;178.40;41.70;182.20;'Arial';8;0;0;0;0;65535;'D';'';0
'Item.Umed_ds27';'T';34.40;182.40;41.70;186.20;'Arial';8;0;0;0;0;65535;'D';'';0
'Item.Umed_ds28';'T';34.40;186.40;41.70;190.20;'Arial';8;0;0;0;0;65535;'D';'';0
'Item.Umed_ds29';'T';34.40;190.40;41.70;194.20;'Arial';8;0;0;0;0;65535;'D';'';0
'Item.Umed_ds30';'T';34.40;194.40;41.70;198.20;'Arial';8;0;0;0;0;65535;'D';'';0
'Item.Umed_ds31';'T';34.40;198.40;41.70;202.20;'Arial';8;0;0;0;0;65535;'D';'';0
'Item.Umed_ds32';'T';34.40;202.40;41.70;206.20;'Arial';8;0;0;0;0;65535;'D';'';0
'Item.Umed_ds33';'T';34.40;206.40;41.70;210.20;'Arial';8;0;0;0;0;65535;'D';'';0
'Item.Umed_ds34';'T';34.40;210.40;41.70;214.20;'Arial';8;0;0;0;0;65535;'D';'';0
'Item.Umed_ds35';'T';34.40;214.40;41.70;218.20;'Arial';8;0;0;0;0;65535;'D';'';0
'Item.Umed_ds36';'T';34.40;218.40;41.70;222.20;'Arial';8;0;0;0;0;65535;'D';'';0
'Item.Umed_ds37';'T';34.40;222.40;41.70;226.20;'Arial';8;0;0;0;0;65535;'D';'';0
'Item.Umed_ds38';'T';34.40;226.40;41.70;230.20;'Arial';8;0;0;0;0;65535;'D';'';0
'Item.Umed_ds39';'T';34.40;230.40;41.70;234.20;'Arial';8;0;0;0;0;65535;'D';'';0
'Item.Unidad';'T';32.20;73.00;43.20;78.00;'Arial';8;0;0;0;0;65535;'C';'Unid.';0
'LETRA';'T';98.00;11.00;108.00;13.00;'Arial';16;1;0;0;0;0;'C';'X';2
'Linea.Cantidad';'L';163.40;73.00;163.40;235.20;None;0;0;0;0;0;0;'I';None;3
'Linea.Codigo';'L';33.30;73.00;33.30;235.30;None;0;0;0;0;0;0;'I';None;3
'Linea.Descripcion';'L';147.05;73.20;147.05;235.50;None;0;0;0;0;0;0;'I';None;3
'Linea.Descripcion_copy';'L';135.80;73.00;135.80;235.40;None;0;0;0;0;0;0;'I';None;3
'Linea.Descripcion_copy_copy';'L';122.60;73.20;122.60;235.60;None;0;0;0;0;0;0;'I';None;3
'Linea.Precio';'L';183.20;73.00;183.20;235.20;None;0;0;0;0;0;0;'I';None;3
'Linea.Unidad';'L';42.40;73.10;42.40;235.40;None;0;0;0;0;0;0;'I';None;3
'Linea1';'L';103.40;18.20;103.40;43.40;'Arial';0;0;0;0;0;0;'I';None;3
'Linea2';'L';7.70;43.30;207.70;43.30;None;0;0;0;0;0;0;'I';None;3
'Linea3';'L';7.70;73.00;207.70;73.00;None;0;0;0;0;0;0;'I';None;3
'Linea6';'L';7.80;235.50;207.80;235.50;None;0;0;0;0;0;0;'I';None;3
'Linea9';'L';7.70;77.70;207.70;77.70;None;0;0;0;0;0;0;'I';None;0
'Logo';'I';9.30;9.30;28.90;16.10;None;0;0;0;0;0;0;'I';'plantillas/logo.png';2
'MEMBRETE1';'T';9.50;22.50;101.40;27.70;'Arial';10;0;0;0;0;0;'I';'';2
'MEMBRETE2';'T';9.50;27.80;101.40;32.80;'Arial';10;0;0;0;0;0;'I';'';2
'MEMBRETE3';'T';9.60;33.10;101.50;38.10;'Arial';10;0;0;0;0;0;'I';'';2
'NETO';'T';134.40;236.20;156.60;241.00;'Arial';9;0;0;0;0;0;'D';'';0
'NETO.L';'T';126.00;236.20;134.20;241.00;'Arial';9;0;0;0;0;0;'I';'Neto:';0
'NGRA.L';'T';49.50;236.30;69.10;241.00;'Arial';9;0;0;0;0;0;'I';'No Gravado:';0
'Numero';'T';137.80;19.50;197.80;25.10;'Arial';14;1;0;0;0;0;'I';'0000-00000000';2
'Pagina';'T';151.10;13.50;191.10;17.50;'Arial';8;0;0;0;0;0;'C';'P\xe1gina';2
'Pedido.L';'T';142.80;59.80;158.30;63.80;'Arial';10;0;0;0;0;0;'I';'Pedido:';0
'Periodo.Desde';'T';164.20;64.00;184.20;68.00;'Arial';10.00;0;0;0;0;65535;'I';'01/01/2009';0
'Periodo.Hasta';'T';185.40;64.00;205.40;68.00;'Arial';10.00;0;0;0;0;65535;'I';'31/01/2009';0
'PeriodoFacturadoL';'T';133.00;64.00;160.80;68.00;'Arial';10.00;0;0;0;0;0;'I';'Per\xedodo Facturado';0
'Remito.L';'T';170.90;59.90;185.50;63.90;'Arial';10;0;0;0;0;0;'I';'Remito N\xba:';0
'TOTAL';'T';183.80;281.00;206.90;285.80;'Arial';10;1;0;0;0;65535;'D';None;0
'TipoCBTE';'T';97.00;14.50;109.00;19.00;'Arial';7;1;0;0;0;0;'C';'COD.01';2
'Total.C';'B';182.50;280.30;207.50;286.30;None;0;0;0;0;0;0;'I';None;-1
'Total.L';'T';152.70;280.40;178.30;285.80;'Arial';10;0;0;0;0;0;'I';'Total:';0
'Tributo.Alicuota01';'T';176.40;241.70;187.60;245.70;'Arial';9;0;0;0;0;0;'D';'';0
'Tributo.Alicuota02';'T';176.40;245.90;187.60;249.90;'Arial';9;0;0;0;0;0;'D';'';0
'Tributo.Alicuota03';'T';176.40;250.10;187.60;254.10;'Arial';9;0;0;0;0;0;'D';'';0
'Tributo.Alicuota04';'T';176.40;254.30;187.60;258.30;'Arial';9;0;0;0;0;0;'D';'';0
'Tributo.Descripcion01';'T';153.40;241.70;176.20;245.70;'Arial';9;0;0;0;0;0;'D';'';0
'Tributo.Descripcion02';'T';153.40;245.90;176.20;249.90;'Arial';9;0;0;0;0;0;'D';'';0
'Tributo.Descripcion03';'T';153.40;250.10;176.20;254.10;'Arial';9;0;0;0;0;0;'D';'';0
'Tributo.Descripcion04';'T';153.40;254.30;176.20;258.30;'Arial';9;0;0;0;0;0;'D';'';0
'Tributo.Importe01';'T';188.20;241.60;207.30;245.60;'Arial';9;0;0;0;0;65535;'D';None;0
'Tributo.Importe02';'T';188.20;245.80;207.30;249.80;'Arial';9;0;0;0;0;65535;'D';None;0
'Tributo.Importe03';'T';188.20;250.00;207.30;254.00;'Arial';9;0;0;0;0;65535;'D';None;0
'Tributo.Importe04';'T';188.20;254.20;207.30;258.20;'Arial';9;0;0;0;0;65535;'D';None;0
'Vencimiento';'T';185.40;68.60;205.40;72.60;'Arial';10.00;0;0;0;0;65535;'I';'31/12/2009';0
'VencimientoL';'T';133.00;68.60;179.80;72.60;'Arial';10.00;0;0;0;0;0;'I';'Fecha de Vencimiento de Pago:';0
'copia';'T';115.50;13.50;150.50;17.50;'Arial';8;0;0;0;0;0;'C';'Original';2
'custom-nota1';'T';70.90;261.40;145.50;265.60;'Arial';8;False;False;False;0;16777215;'C';'';0
'custom-nro-cli';'T';26.20;44.70;44.20;50.70;'Arial';10;0;0;0;0;65535;'I';None;0
'custom-pedido';'T';156.90;59.90;170.30;63.90;'Arial';10;0;0;0;0;65535;'I';'';0
'custom-remito';'T';187.70;59.90;206.90;63.90;'Arial';10;0;0;0;0;0;'I';'';0
'custom-tit-cond-venta';'T';9.40;66.20;41.20;71.20;'Arial';10;0;0;1;0;0;'I';'Forma de Pago:';0
'custom-tit-transporte';'T';9.00;242.00;35.00;246.00;'Arial';9;0;0;0;0;65535;'I';'Transporte:';0
'custom-tot-porc-2.5iva';'T';176.70;258.80;184.70;262.80;'Arial';9;0;0;0;0;0;'D';'';0
'custom-tot-porc-5iva';'T';176.60;263.10;184.60;267.10;'Arial';9;0;0;0;0;0;'D';'';0
'custom-tot-porc-iva';'T';176.60;271.50;184.60;275.70;'Arial';9;0;0;0;0;0;'D';'';0
'custom-tot-porc-iva';'T';176.70;275.40;184.70;279.60;'Arial';9;0;0;0;0;0;'D';'';0
'custom-tot-porc-niva';'T';176.70;267.20;184.70;271.20;'Arial';9;0;0;0;0;0;'D';'';0
'custom-transporte';'T';35.00;241.90;145.60;245.90;'Arial';9;0;0;0;0;65535;'I';'';0
'custom-transporte_copy';'T';33.60;280.10;149.80;284.60;'Arial';6;0;1;0;0;65535;'I';'La Administraci\xf3n Federal no se responsabiliza por los datos ingresados en el detalle de la operaci\xf3n.';0
'descuento';'T';26.50;236.30;48.90;241.00;'Arial';9;0;0;0;0;0;'D';'';0
'descuento.L';'T';9.00;236.30;27.50;241.00;'Arial';9;0;0;0;0;0;'I';'Descuento:';0
'estado';'T';33.60;274.20;86.80;278.20;'Arial';10;1;1;0;0;65535;'I';'';0
'forma_pago';'T';42.40;66.50;94.20;71.50;'Arial';10;0;0;0;0;0;'I';None;0
'imp_op_ex';'T';103.00;236.20;125.30;241.00;'Arial';9;0;0;0;0;0;'D';'';0
'imp_tot_conc';'T';68.20;236.30;90.50;241.00;'Arial';9;0;0;0;0;0;'D';'';0
'motivos_ds.L';'T';8.60;246.10;145.90;250.90;'Arial';10;0;0;1;0;0;'C';'Observaciones AFIP';0
'motivos_ds1';'T';8.60;250.60;145.90;254.60;'Arial';8;0;1;0;0;0;'I';'';0
'motivos_ds2';'T';8.60;253.60;145.90;257.60;'Arial';8;0;1;0;0;0;'I';'';0
'motivos_ds3';'T';8.60;256.60;145.90;260.60;'Arial';8;0;1;0;0;0;'I';'';0
'subtotal';'T';185.10;236.20;207.40;241.00;'Arial';9;0;0;0;0;0;'D';'';0
'subtotal.L';'T';159.80;236.20;184.00;241.00;'Arial';9;0;0;0;0;0;'I';'Subtotal:';0
